environment | time (s),PI3K | ShP_percent (dimensionless)
0,0
1,0.102572
2,1.19565
3,3.63668
4,7.01935
5,10.9211
6,15.0747
7,19.3289
8,23.5977
9,27.8295
10,31.9921
11,36.0642
12,40.0316
13,43.8842
14,47.6146
15,51.2177
16,54.6894
17,58.0265
18,61.2268
19,64.2884
20,67.2099
21,69.9904
22,72.6291
23,75.1255
24,77.4795
25,79.6911
26,81.7608
27,83.6891
28,85.4771
29,87.1263
30,88.6385
31,90.0162
32,91.2626
33,92.3815
34,93.3779
35,94.2578
36,95.0284
37,95.6981
38,96.2764
39,96.7736
40,97.2
41,97.566
42,97.8807
43,98.1521
44,98.3871
45,98.5911
46,98.7688
47,98.9237
48,99.0589
49,99.1771
50,99.2804
51,99.3706
52,99.4495
53,99.5184
54,99.5787
55,99.6313
56,99.6772
57,99.7173
58,99.7523
59,99.7828
60,99.8095
61,99.8328
62,99.853
63,99.8707
64,99.8862
65,99.8996
66,99.9114
67,99.9216
68,99.9305
69,99.9383
70,99.9451
71,99.951
72,99.9562
73,99.9607
74,99.9646
75,99.968
76,99.971
77,99.9735
78,99.9758
79,99.9778
80,99.9795
81,99.981
82,99.9823
83,99.9834
84,99.9844
85,99.9852
86,99.986
87,99.9866
88,99.9872
89,99.9877
90,99.9881
91,99.9885
92,99.9888
93,99.9891
94,99.9894
95,99.9896
96,99.9898
97,99.99
98,99.9901
99,99.9902
100,99.9903
101,99.9904
102,99.9905
103,99.9906
104,99.9906
105,99.9907
106,99.9908
107,99.9908
108,99.9908
109,99.9909
110,99.9909
111,99.9909
112,99.991
113,99.991
114,99.991
115,99.991
116,99.991
117,99.991
118,99.991
119,99.9911
120,99.9911
121,99.9911
122,99.9911
123,99.9911
124,99.9911
125,99.9911
126,99.9911
127,99.9911
128,99.9911
129,99.9911
130,99.9911
131,99.9911
132,99.9911
133,99.9912
134,99.9912
135,99.9912
136,99.9912
137,99.9912
138,99.9912
139,99.9912
140,99.9912
141,99.9912
142,99.9912
143,99.9912
144,99.9912
145,99.9912
146,99.9912
147,99.9912
148,99.9912
149,99.9912
150,99.9912
151,99.9912
152,99.9912
153,99.9912
154,99.9912
155,99.9912
156,99.9912
157,99.9912
158,99.9912
159,99.9913
160,99.9913
161,99.9913
162,99.9913
163,99.9913
164,99.9913
165,99.9913
166,99.9913
167,99.9913
168,99.9913
169,99.9913
170,99.9913
171,99.9913
172,99.9913
173,99.9913
174,99.9913
175,99.9913
176,99.9913
177,99.9913
178,99.9913
179,99.9913
180,99.9913
181,99.9913
182,99.9913
183,99.9913
184,99.9913
185,99.9913
186,99.9913
187,99.9913
188,99.9914
189,99.9914
190,99.9914
191,99.9914
192,99.9914
193,99.9914
194,99.9914
195,99.9914
196,99.9914
197,99.9914
198,99.9914
199,99.9914
200,99.9914
201,99.9914
202,99.9914
203,99.9914
204,99.9914
205,99.9914
206,99.9914
207,99.9914
208,99.9914
209,99.9914
210,99.9914
211,99.9914
212,99.9914
213,99.9914
214,99.9914
215,99.9914
216,99.9914
217,99.9915
218,99.9915
219,99.9915
220,99.9915
221,99.9915
222,99.9915
223,99.9915
224,99.9915
225,99.9915
226,99.9915
227,99.9915
228,99.9915
229,99.9915
230,99.9915
231,99.9915
232,99.9915
233,99.9915
234,99.9915
235,99.9915
236,99.9915
237,99.9915
238,99.9915
239,99.9915
240,99.9915
241,99.9915
242,99.9915
243,99.9915
244,99.9915
245,99.9915
246,99.9915
247,99.9916
248,99.9916
249,99.9916
250,99.9916
251,99.9916
252,99.9916
253,99.9916
254,99.9916
255,99.9916
256,99.9916
257,99.9916
258,99.9916
259,99.9916
260,99.9916
261,99.9916
262,99.9916
263,99.9916
264,99.9916
265,99.9916
266,99.9916
267,99.9916
268,99.9916
269,99.9916
270,99.9916
271,99.9916
272,99.9916
273,99.9916
274,99.9916
275,99.9916
276,99.9916
277,99.9916
278,99.9917
279,99.9917
280,99.9917
281,99.9917
282,99.9917
283,99.9917
284,99.9917
285,99.9917
286,99.9917
287,99.9917
288,99.9917
289,99.9917
290,99.9917
291,99.9917
292,99.9917
293,99.9917
294,99.9917
295,99.9917
296,99.9917
297,99.9917
298,99.9917
299,99.9917
300,99.9917
301,99.9917
302,99.9917
303,99.9917
304,99.9917
305,99.9917
306,99.9917
307,99.9917
308,99.9917
309,99.9917
310,99.9918
311,99.9918
312,99.9918
313,99.9918
314,99.9918
315,99.9918
316,99.9918
317,99.9918
318,99.9918
319,99.9918
320,99.9918
321,99.9918
322,99.9918
323,99.9918
324,99.9918
325,99.9918
326,99.9918
327,99.9918
328,99.9918
329,99.9918
330,99.9918
331,99.9918
332,99.9918
333,99.9918
334,99.9918
335,99.9918
336,99.9918
337,99.9918
338,99.9918
339,99.9918
340,99.9918
341,99.9918
342,99.9919
343,99.9919
344,99.9919
345,99.9919
346,99.9919
347,99.9919
348,99.9919
349,99.9919
350,99.9919
351,99.9919
352,99.9919
353,99.9919
354,99.9919
355,99.9919
356,99.9919
357,99.9919
358,99.9919
359,99.9919
360,99.9919
361,99.9919
362,99.9919
363,99.9919
364,99.9919
365,99.9919
366,99.9919
367,99.9919
368,99.9919
369,99.9919
370,99.9919
371,99.9919
372,99.9919
373,99.9919
374,99.9919
375,99.992
376,99.992
377,99.992
378,99.992
379,99.992
380,99.992
381,99.992
382,99.992
383,99.992
384,99.992
385,99.992
386,99.992
387,99.992
388,99.992
389,99.992
390,99.992
391,99.992
392,99.992
393,99.992
394,99.992
395,99.992
396,99.992
397,99.992
398,99.992
399,99.992
400,99.992
401,99.992
402,99.992
403,99.992
404,99.992
405,99.992
406,99.992
407,99.992
408,99.992
409,99.992
410,99.9921
411,99.9921
412,99.9921
413,99.9921
414,99.9921
415,99.9921
416,99.9921
417,99.9921
418,99.9921
419,99.9921
420,99.9921
421,99.9921
422,99.9921
423,99.9921
424,99.9921
425,99.9921
426,99.9921
427,99.9921
428,99.9921
429,99.9921
430,99.9921
431,99.9921
432,99.9921
433,99.9921
434,99.9921
435,99.9921
436,99.9921
437,99.9921
438,99.9921
439,99.9921
440,99.9921
441,99.9921
442,99.9921
443,99.9921
444,99.9921
445,99.9922
446,99.9922
447,99.9922
448,99.9922
449,99.9922
450,99.9922
451,99.9922
452,99.9922
453,99.9922
454,99.9922
455,99.9922
456,99.9922
457,99.9922
458,99.9922
459,99.9922
460,99.9922
461,99.9922
462,99.9922
463,99.9922
464,99.9922
465,99.9922
466,99.9922
467,99.9922
468,99.9922
469,99.9922
470,99.9922
471,99.9922
472,99.9922
473,99.9922
474,99.9922
475,99.9922
476,99.9922
477,99.9922
478,99.9922
479,99.9922
480,99.9922
481,99.9923
482,99.9923
483,99.9923
484,99.9923
485,99.9923
486,99.9923
487,99.9923
488,99.9923
489,99.9923
490,99.9923
491,99.9923
492,99.9923
493,99.9923
494,99.9923
495,99.9923
496,99.9923
497,99.9923
498,99.9923
499,99.9923
500,99.9923
501,99.9923
502,99.9923
503,99.9923
504,99.9923
505,99.9923
506,99.9923
507,99.9923
508,99.9923
509,99.9923
510,99.9923
511,99.9923
512,99.9923
513,99.9923
514,99.9923
515,99.9923
516,99.9923
517,99.9923
518,99.9924
519,99.9924
520,99.9924
521,99.9924
522,99.9924
523,99.9924
524,99.9924
525,99.9924
526,99.9924
527,99.9924
528,99.9924
529,99.9924
530,99.9924
531,99.9924
532,99.9924
533,99.9924
534,99.9924
535,99.9924
536,99.9924
537,99.9924
538,99.9924
539,99.9924
540,99.9924
541,99.9924
542,99.9924
543,99.9924
544,99.9924
545,99.9924
546,99.9924
547,99.9924
548,99.9924
549,99.9924
550,99.9924
551,99.9924
552,99.9924
553,99.9924
554,99.9924
555,99.9924
556,99.9925
557,99.9925
558,99.9925
559,99.9925
560,99.9925
561,99.9925
562,99.9925
563,99.9925
564,99.9925
565,99.9925
566,99.9925
567,99.9925
568,99.9925
569,99.9925
570,99.9925
571,99.9925
572,99.9925
573,99.9925
574,99.9925
575,99.9925
576,99.9925
577,99.9925
578,99.9925
579,99.9925
580,99.9925
581,99.9925
582,99.9925
583,99.9925
584,99.9925
585,99.9925
586,99.9925
587,99.9925
588,99.9925
589,99.9925
590,99.9925
591,99.9925
592,99.9925
593,99.9925
594,99.9925
595,99.9925
596,99.9926
597,99.9926
598,99.9926
599,99.9926
600,99.9926
601,99.9926
602,99.9926
603,99.9926
604,99.9926
605,99.9926
606,99.9926
607,99.9926
608,99.9926
609,99.9926
610,99.9926
611,99.9926
612,99.9926
613,99.9926
614,99.9926
615,99.9926
616,99.9926
617,99.9926
618,99.9926
619,99.9926
620,99.9926
621,99.9926
622,99.9926
623,99.9926
624,99.9926
625,99.9926
626,99.9926
627,99.9926
628,99.9926
629,99.9926
630,99.9926
631,99.9926
632,99.9926
633,99.9926
634,99.9926
635,99.9926
636,99.9926
637,99.9927
638,99.9927
639,99.9927
640,99.9927
641,99.9927
642,99.9927
643,99.9927
644,99.9927
645,99.9927
646,99.9927
647,99.9927
648,99.9927
649,99.9927
650,99.9927
651,99.9927
652,99.9927
653,99.9927
654,99.9927
655,99.9927
656,99.9927
657,99.9927
658,99.9927
659,99.9927
660,99.9927
661,99.9927
662,99.9927
663,99.9927
664,99.9927
665,99.9927
666,99.9927
667,99.9927
668,99.9927
669,99.9927
670,99.9927
671,99.9927
672,99.9927
673,99.9927
674,99.9927
675,99.9927
676,99.9927
677,99.9927
678,99.9927
679,99.9928
680,99.9928
681,99.9928
682,99.9928
683,99.9928
684,99.9928
685,99.9928
686,99.9928
687,99.9928
688,99.9928
689,99.9928
690,99.9928
691,99.9928
692,99.9928
693,99.9928
694,99.9928
695,99.9928
696,99.9928
697,99.9928
698,99.9928
699,99.9928
700,99.9928
701,99.9928
702,99.9928
703,99.9928
704,99.9928
705,99.9928
706,99.9928
707,99.9928
708,99.9928
709,99.9928
710,99.9928
711,99.9928
712,99.9928
713,99.9928
714,99.9928
715,99.9928
716,99.9928
717,99.9928
718,99.9928
719,99.9928
720,99.9928
721,99.9928
722,99.9928
723,99.9929
724,99.9929
725,99.9929
726,99.9929
727,99.9929
728,99.9929
729,99.9929
730,99.9929
731,99.9929
732,99.9929
733,99.9929
734,99.9929
735,99.9929
736,99.9929
737,99.9929
738,99.9929
739,99.9929
740,99.9929
741,99.9929
742,99.9929
743,99.9929
744,99.9929
745,99.9929
746,99.9929
747,99.9929
748,99.9929
749,99.9929
750,99.9929
751,99.9929
752,99.9929
753,99.9929
754,99.9929
755,99.9929
756,99.9929
757,99.9929
758,99.9929
759,99.9929
760,99.9929
761,99.9929
762,99.9929
763,99.9929
764,99.9929
765,99.9929
766,99.9929
767,99.9929
768,99.993
769,99.993
770,99.993
771,99.993
772,99.993
773,99.993
774,99.993
775,99.993
776,99.993
777,99.993
778,99.993
779,99.993
780,99.993
781,99.993
782,99.993
783,99.993
784,99.993
785,99.993
786,99.993
787,99.993
788,99.993
789,99.993
790,99.993
791,99.993
792,99.993
793,99.993
794,99.993
795,99.993
796,99.993
797,99.993
798,99.993
799,99.993
800,99.993
801,99.993
802,99.993
803,99.993
804,99.993
805,99.993
806,99.993
807,99.993
808,99.993
809,99.993
810,99.993
811,99.993
812,99.993
813,99.993
814,99.993
815,99.9931
816,99.9931
817,99.9931
818,99.9931
819,99.9931
820,99.9931
821,99.9931
822,99.9931
823,99.9931
824,99.9931
825,99.9931
826,99.9931
827,99.9931
828,99.9931
829,99.9931
830,99.9931
831,99.9931
832,99.9931
833,99.9931
834,99.9931
835,99.9931
836,99.9931
837,99.9931
838,99.9931
839,99.9931
840,99.9931
841,99.9931
842,99.9931
843,99.9931
844,99.9931
845,99.9931
846,99.9931
847,99.9931
848,99.9931
849,99.9931
850,99.9931
851,99.9931
852,99.9931
853,99.9931
854,99.9931
855,99.9931
856,99.9931
857,99.9931
858,99.9931
859,99.9931
860,99.9931
861,99.9931
862,99.9931
863,99.9931
864,99.9931
865,99.9932
866,99.9932
867,99.9932
868,99.9932
869,99.9932
870,99.9932
871,99.9932
872,99.9932
873,99.9932
874,99.9932
875,99.9932
876,99.9932
877,99.9932
878,99.9932
879,99.9932
880,99.9932
881,99.9932
882,99.9932
883,99.9932
884,99.9932
885,99.9932
886,99.9932
887,99.9932
888,99.9932
889,99.9932
890,99.9932
891,99.9932
892,99.9932
893,99.9932
894,99.9932
895,99.9932
896,99.9932
897,99.9932
898,99.9932
899,99.9932
900,99.9932
901,99.9932
902,99.9932
903,99.9932
904,99.9932
905,99.9932
906,99.9932
907,99.9932
908,99.9932
909,99.9932
910,99.9932
911,99.9932
912,99.9932
913,99.9932
914,99.9932
915,99.9932
916,99.9933
917,99.9933
918,99.9933
919,99.9933
920,99.9933
921,99.9933
922,99.9933
923,99.9933
924,99.9933
925,99.9933
926,99.9933
927,99.9933
928,99.9933
929,99.9933
930,99.9933
931,99.9933
932,99.9933
933,99.9933
934,99.9933
935,99.9933
936,99.9933
937,99.9933
938,99.9933
939,99.9933
940,99.9933
941,99.9933
942,99.9933
943,99.9933
944,99.9933
945,99.9933
946,99.9933
947,99.9933
948,99.9933
949,99.9933
950,99.9933
951,99.9933
952,99.9933
953,99.9933
954,99.9933
955,99.9933
956,99.9933
957,99.9933
958,99.9933
959,99.9933
960,99.9933
961,99.9933
962,99.9933
963,99.9933
964,99.9933
965,99.9933
966,99.9933
967,99.9933
968,99.9933
969,99.9933
970,99.9934
971,99.9934
972,99.9934
973,99.9934
974,99.9934
975,99.9934
976,99.9934
977,99.9934
978,99.9934
979,99.9934
980,99.9934
981,99.9934
982,99.9934
983,99.9934
984,99.9934
985,99.9934
986,99.9934
987,99.9934
988,99.9934
989,99.9934
990,99.9934
991,99.9934
992,99.9934
993,99.9934
994,99.9934
995,99.9934
996,99.9934
997,99.9934
998,99.9934
999,99.9934
1000,99.9934
1001,99.9934
1002,99.9934
1003,99.9934
1004,99.9934
1005,99.9934
1006,99.9934
1007,99.9934
1008,99.9934
1009,99.9934
1010,99.9934
1011,99.9934
1012,99.9934
1013,99.9934
1014,99.9934
1015,99.9934
1016,99.9934
1017,99.9934
1018,99.9934
1019,99.9934
1020,99.9934
1021,99.9934
1022,99.9934
1023,99.9934
1024,99.9934
1025,99.9934
1026,99.9935
1027,99.9935
1028,99.9935
1029,99.9935
1030,99.9935
1031,99.9935
1032,99.9935
1033,99.9935
1034,99.9935
1035,99.9935
1036,99.9935
1037,99.9935
1038,99.9935
1039,99.9935
1040,99.9935
1041,99.9935
1042,99.9935
1043,99.9935
1044,99.9935
1045,99.9935
1046,99.9935
1047,99.9935
1048,99.9935
1049,99.9935
1050,99.9935
1051,99.9935
1052,99.9935
1053,99.9935
1054,99.9935
1055,99.9935
1056,99.9935
1057,99.9935
1058,99.9935
1059,99.9935
1060,99.9935
1061,99.9935
1062,99.9935
1063,99.9935
1064,99.9935
1065,99.9935
1066,99.9935
1067,99.9935
1068,99.9935
1069,99.9935
1070,99.9935
1071,99.9935
1072,99.9935
1073,99.9935
1074,99.9935
1075,99.9935
1076,99.9935
1077,99.9935
1078,99.9935
1079,99.9935
1080,99.9935
1081,99.9935
1082,99.9935
1083,99.9935
1084,99.9935
1085,99.9936
1086,99.9936
1087,99.9936
1088,99.9936
1089,99.9936
1090,99.9936
1091,99.9936
1092,99.9936
1093,99.9936
1094,99.9936
1095,99.9936
1096,99.9936
1097,99.9936
1098,99.9936
1099,99.9936
1100,99.9936
1101,99.9936
1102,99.9936
1103,99.9936
1104,99.9936
1105,99.9936
1106,99.9936
1107,99.9936
1108,99.9936
1109,99.9936
1110,99.9936
1111,99.9936
1112,99.9936
1113,99.9936
1114,99.9936
1115,99.9936
1116,99.9936
1117,99.9936
1118,99.9936
1119,99.9936
1120,99.9936
1121,99.9936
1122,99.9936
1123,99.9936
1124,99.9936
1125,99.9936
1126,99.9936
1127,99.9936
1128,99.9936
1129,99.9936
1130,99.9936
1131,99.9936
1132,99.9936
1133,99.9936
1134,99.9936
1135,99.9936
1136,99.9936
1137,99.9936
1138,99.9936
1139,99.9936
1140,99.9936
1141,99.9936
1142,99.9936
1143,99.9936
1144,99.9936
1145,99.9936
1146,99.9936
1147,99.9936
1148,99.9937
1149,99.9937
1150,99.9937
1151,99.9937
1152,99.9937
1153,99.9937
1154,99.9937
1155,99.9937
1156,99.9937
1157,99.9937
1158,99.9937
1159,99.9937
1160,99.9937
1161,99.9937
1162,99.9937
1163,99.9937
1164,99.9937
1165,99.9937
1166,99.9937
1167,99.9937
1168,99.9937
1169,99.9937
1170,99.9937
1171,99.9937
1172,99.9937
1173,99.9937
1174,99.9937
1175,99.9937
1176,99.9937
1177,99.9937
1178,99.9937
1179,99.9937
1180,99.9937
1181,99.9937
1182,99.9937
1183,99.9937
1184,99.9937
1185,99.9937
1186,99.9937
1187,99.9937
1188,99.9937
1189,99.9937
1190,99.9937
1191,99.9937
1192,99.9937
1193,99.9937
1194,99.9937
1195,99.9937
1196,99.9937
1197,99.9937
1198,99.9937
1199,99.9937
1200,99.9937
1201,99.9937
1202,99.9937
1203,99.9937
1204,99.9937
1205,99.9937
1206,99.9937
1207,99.9937
1208,99.9937
1209,99.9937
1210,99.9937
1211,99.9937
1212,99.9937
1213,99.9937
1214,99.9937
1215,99.9938
1216,99.9938
1217,99.9938
1218,99.9938
1219,99.9938
1220,99.9938
1221,99.9938
1222,99.9938
1223,99.9938
1224,99.9938
1225,99.9938
1226,99.9938
1227,99.9938
1228,99.9938
1229,99.9938
1230,99.9938
1231,99.9938
1232,99.9938
1233,99.9938
1234,99.9938
1235,99.9938
1236,99.9938
1237,99.9938
1238,99.9938
1239,99.9938
1240,99.9938
1241,99.9938
1242,99.9938
1243,99.9938
1244,99.9938
1245,99.9938
1246,99.9938
1247,99.9938
1248,99.9938
1249,99.9938
1250,99.9938
1251,99.9938
1252,99.9938
1253,99.9938
1254,99.9938
1255,99.9938
1256,99.9938
1257,99.9938
1258,99.9938
1259,99.9938
1260,99.9938
1261,99.9938
1262,99.9938
1263,99.9938
1264,99.9938
1265,99.9938
1266,99.9938
1267,99.9938
1268,99.9938
1269,99.9938
1270,99.9938
1271,99.9938
1272,99.9938
1273,99.9938
1274,99.9938
1275,99.9938
1276,99.9938
1277,99.9938
1278,99.9938
1279,99.9938
1280,99.9938
1281,99.9938
1282,99.9938
1283,99.9938
1284,99.9938
1285,99.9938
1286,99.9939
1287,99.9939
1288,99.9939
1289,99.9939
1290,99.9939
1291,99.9939
1292,99.9939
1293,99.9939
1294,99.9939
1295,99.9939
1296,99.9939
1297,99.9939
1298,99.9939
1299,99.9939
1300,99.9939
1301,99.9939
1302,99.9939
1303,99.9939
1304,99.9939
1305,99.9939
1306,99.9939
1307,99.9939
1308,99.9939
1309,99.9939
1310,99.9939
1311,99.9939
1312,99.9939
1313,99.9939
1314,99.9939
1315,99.9939
1316,99.9939
1317,99.9939
1318,99.9939
1319,99.9939
1320,99.9939
1321,99.9939
1322,99.9939
1323,99.9939
1324,99.9939
1325,99.9939
1326,99.9939
1327,99.9939
1328,99.9939
1329,99.9939
1330,99.9939
1331,99.9939
1332,99.9939
1333,99.9939
1334,99.9939
1335,99.9939
1336,99.9939
1337,99.9939
1338,99.9939
1339,99.9939
1340,99.9939
1341,99.9939
1342,99.9939
1343,99.9939
1344,99.9939
1345,99.9939
1346,99.9939
1347,99.9939
1348,99.9939
1349,99.9939
1350,99.9939
1351,99.9939
1352,99.9939
1353,99.9939
1354,99.9939
1355,99.9939
1356,99.9939
1357,99.9939
1358,99.9939
1359,99.9939
1360,99.9939
1361,99.9939
1362,99.994
1363,99.994
1364,99.994
1365,99.994
1366,99.994
1367,99.994
1368,99.994
1369,99.994
1370,99.994
1371,99.994
1372,99.994
1373,99.994
1374,99.994
1375,99.994
1376,99.994
1377,99.994
1378,99.994
1379,99.994
1380,99.994
1381,99.994
1382,99.994
1383,99.994
1384,99.994
1385,99.994
1386,99.994
1387,99.994
1388,99.994
1389,99.994
1390,99.994
1391,99.994
1392,99.994
1393,99.994
1394,99.994
1395,99.994
1396,99.994
1397,99.994
1398,99.994
1399,99.994
1400,99.994
1401,99.994
1402,99.994
1403,99.994
1404,99.994
1405,99.994
1406,99.994
1407,99.994
1408,99.994
1409,99.994
1410,99.994
1411,99.994
1412,99.994
1413,99.994
1414,99.994
1415,99.994
1416,99.994
1417,99.994
1418,99.994
1419,99.994
1420,99.994
1421,99.994
1422,99.994
1423,99.994
1424,99.994
1425,99.994
1426,99.994
1427,99.994
1428,99.994
1429,99.994
1430,99.994
1431,99.994
1432,99.994
1433,99.994
1434,99.994
1435,99.994
1436,99.994
1437,99.994
1438,99.994
1439,99.994
1440,99.994
1441,99.994
1442,99.994
1443,99.994
1444,99.994
1445,99.9941
1446,99.9941
1447,99.9941
1448,99.9941
1449,99.9941
1450,99.9941
1451,99.9941
1452,99.9941
1453,99.9941
1454,99.9941
1455,99.9941
1456,99.9941
1457,99.9941
1458,99.9941
1459,99.9941
1460,99.9941
1461,99.9941
1462,99.9941
1463,99.9941
1464,99.9941
1465,99.9941
1466,99.9941
1467,99.9941
1468,99.9941
1469,99.9941
1470,99.9941
1471,99.9941
1472,99.9941
1473,99.9941
1474,99.9941
1475,99.9941
1476,99.9941
1477,99.9941
1478,99.9941
1479,99.9941
1480,99.9941
1481,99.9941
1482,99.9941
1483,99.9941
1484,99.9941
1485,99.9941
1486,99.9941
1487,99.9941
1488,99.9941
1489,99.9941
1490,99.9941
1491,99.9941
1492,99.9941
1493,99.9941
1494,99.9941
1495,99.9941
1496,99.9941
1497,99.9941
1498,99.9941
1499,99.9941
1500,99.9941
1501,99.9941
1502,99.9941
1503,99.9941
1504,99.9941
1505,99.9941
1506,99.9941
1507,99.9941
1508,99.9941
1509,99.9941
1510,99.9941
1511,99.9941
1512,99.9941
1513,99.9941
1514,99.9941
1515,99.9941
1516,99.9941
1517,99.9941
1518,99.9941
1519,99.9941
1520,99.9941
1521,99.9941
1522,99.9941
1523,99.9941
1524,99.9941
1525,99.9941
1526,99.9941
1527,99.9941
1528,99.9941
1529,99.9941
1530,99.9941
1531,99.9941
1532,99.9941
1533,99.9941
1534,99.9941
1535,99.9941
1536,99.9942
1537,99.9942
1538,99.9942
1539,99.9942
1540,99.9942
1541,99.9942
1542,99.9942
1543,99.9942
1544,99.9942
1545,99.9942
1546,99.9942
1547,99.9942
1548,99.9942
1549,99.9942
1550,99.9942
1551,99.9942
1552,99.9942
1553,99.9942
1554,99.9942
1555,99.9942
1556,99.9942
1557,99.9942
1558,99.9942
1559,99.9942
1560,99.9942
1561,99.9942
1562,99.9942
1563,99.9942
1564,99.9942
1565,99.9942
1566,99.9942
1567,99.9942
1568,99.9942
1569,99.9942
1570,99.9942
1571,99.9942
1572,99.9942
1573,99.9942
1574,99.9942
1575,99.9942
1576,99.9942
1577,99.9942
1578,99.9942
1579,99.9942
1580,99.9942
1581,99.9942
1582,99.9942
1583,99.9942
1584,99.9942
1585,99.9942
1586,99.9942
1587,99.9942
1588,99.9942
1589,99.9942
1590,99.9942
1591,99.9942
1592,99.9942
1593,99.9942
1594,99.9942
1595,99.9942
1596,99.9942
1597,99.9942
1598,99.9942
1599,99.9942
1600,99.9942
1601,99.9942
1602,99.9942
1603,99.9942
1604,99.9942
1605,99.9942
1606,99.9942
1607,99.9942
1608,99.9942
1609,99.9942
1610,99.9942
1611,99.9942
1612,99.9942
1613,99.9942
1614,99.9942
1615,99.9942
1616,99.9942
1617,99.9942
1618,99.9942
1619,99.9942
1620,99.9942
1621,99.9942
1622,99.9942
1623,99.9942
1624,99.9942
1625,99.9942
1626,99.9942
1627,99.9942
1628,99.9942
1629,99.9942
1630,99.9942
1631,99.9942
1632,99.9942
1633,99.9942
1634,99.9942
1635,99.9942
1636,99.9942
1637,99.9943
1638,99.9943
1639,99.9943
1640,99.9943
1641,99.9943
1642,99.9943
1643,99.9943
1644,99.9943
1645,99.9943
1646,99.9943
1647,99.9943
1648,99.9943
1649,99.9943
1650,99.9943
1651,99.9943
1652,99.9943
1653,99.9943
1654,99.9943
1655,99.9943
1656,99.9943
1657,99.9943
1658,99.9943
1659,99.9943
1660,99.9943
1661,99.9943
1662,99.9943
1663,99.9943
1664,99.9943
1665,99.9943
1666,99.9943
1667,99.9943
1668,99.9943
1669,99.9943
1670,99.9943
1671,99.9943
1672,99.9943
1673,99.9943
1674,99.9943
1675,99.9943
1676,99.9943
1677,99.9943
1678,99.9943
1679,99.9943
1680,99.9943
1681,99.9943
1682,99.9943
1683,99.9943
1684,99.9943
1685,99.9943
1686,99.9943
1687,99.9943
1688,99.9943
1689,99.9943
1690,99.9943
1691,99.9943
1692,99.9943
1693,99.9943
1694,99.9943
1695,99.9943
1696,99.9943
1697,99.9943
1698,99.9943
1699,99.9943
1700,99.9943
1701,99.9943
1702,99.9943
1703,99.9943
1704,99.9943
1705,99.9943
1706,99.9943
1707,99.9943
1708,99.9943
1709,99.9943
1710,99.9943
1711,99.9943
1712,99.9943
1713,99.9943
1714,99.9943
1715,99.9943
1716,99.9943
1717,99.9943
1718,99.9943
1719,99.9943
1720,99.9943
1721,99.9943
1722,99.9943
1723,99.9943
1724,99.9943
1725,99.9943
1726,99.9943
1727,99.9943
1728,99.9943
1729,99.9943
1730,99.9943
1731,99.9943
1732,99.9943
1733,99.9943
1734,99.9943
1735,99.9943
1736,99.9943
1737,99.9943
1738,99.9943
1739,99.9943
1740,99.9943
1741,99.9943
1742,99.9943
1743,99.9943
1744,99.9943
1745,99.9943
1746,99.9943
1747,99.9943
1748,99.9943
1749,99.9943
1750,99.9943
1751,99.9943
1752,99.9944
1753,99.9944
1754,99.9944
1755,99.9944
1756,99.9944
1757,99.9944
1758,99.9944
1759,99.9944
1760,99.9944
1761,99.9944
1762,99.9944
1763,99.9944
1764,99.9944
1765,99.9944
1766,99.9944
1767,99.9944
1768,99.9944
1769,99.9944
1770,99.9944
1771,99.9944
1772,99.9944
1773,99.9944
1774,99.9944
1775,99.9944
1776,99.9944
1777,99.9944
1778,99.9944
1779,99.9944
1780,99.9944
1781,99.9944
1782,99.9944
1783,99.9944
1784,99.9944
1785,99.9944
1786,99.9944
1787,99.9944
1788,99.9944
1789,99.9944
1790,99.9944
1791,99.9944
1792,99.9944
1793,99.9944
1794,99.9944
1795,99.9944
1796,99.9944
1797,99.9944
1798,99.9944
1799,99.9944
1800,99.9944
