environment | time (s),Akt | Akt_PIPP_percent (dimensionless)
0,0
1,2.04518e-5
2,0.00133061
3,0.00976622
4,0.0322772
5,0.0717606
6,0.126884
7,0.194178
8,0.269837
9,0.35063
10,0.434183
11,0.518929
12,0.603955
13,0.688833
14,0.773485
15,0.858076
16,0.942939
17,1.02853
18,1.1154
19,1.20415
20,1.29546
21,1.39005
22,1.48868
23,1.5922
24,1.70149
25,1.81753
26,1.94137
27,2.07417
28,2.21722
29,2.37195
30,2.53997
31,2.72308
32,2.92328
33,3.14283
34,3.38421
35,3.6501
36,3.94331
37,4.26662
38,4.62254
39,5.01296
40,5.4388
41,5.89968
42,6.39376
43,6.9179
44,7.46795
45,8.03927
46,8.62716
47,9.2272
48,9.83544
49,10.4485
50,11.0637
51,11.6785
52,12.2913
53,12.9005
54,13.5049
55,14.1036
56,14.696
57,15.2814
58,15.8595
59,16.4299
60,16.9924
61,17.5469
62,18.0932
63,18.6313
64,19.1612
65,19.6829
66,20.1965
67,20.7019
68,21.1993
69,21.6887
70,22.1703
71,22.644
72,23.1101
73,23.5686
74,24.0196
75,24.4632
76,24.8996
77,25.3288
78,25.751
79,26.1661
80,26.5745
81,26.9761
82,27.371
83,27.7595
84,28.1414
85,28.517
86,28.8863
87,29.2495
88,29.6066
89,29.9577
90,30.3029
91,30.6423
92,30.9759
93,31.3039
94,31.6263
95,31.9432
96,32.2547
97,32.5609
98,32.8618
99,33.1575
100,33.4481
101,33.7337
102,34.0143
103,34.29
104,34.5608
105,34.8269
106,35.0883
107,35.345
108,35.5972
109,35.8449
110,36.0882
111,36.327
112,36.5616
113,36.7919
114,37.018
115,37.24
116,37.458
117,37.6719
118,37.8818
119,38.0879
120,38.2901
121,38.4885
122,38.6833
123,38.8743
124,39.0617
125,39.2455
126,39.4259
127,39.6028
128,39.7762
129,39.9463
130,40.1131
131,40.2766
132,40.437
133,40.5941
134,40.7482
135,40.8992
136,41.0471
137,41.1921
138,41.3342
139,41.4734
140,41.6097
141,41.7433
142,41.8741
143,42.0022
144,42.1276
145,42.2504
146,42.3706
147,42.4883
148,42.6035
149,42.7162
150,42.8264
151,42.9343
152,43.0399
153,43.1431
154,43.2441
155,43.3428
156,43.4393
157,43.5337
158,43.6259
159,43.716
160,43.8041
161,43.8901
162,43.9741
163,44.0561
164,44.1362
165,44.2144
166,44.2908
167,44.3653
168,44.4379
169,44.5088
170,44.5779
171,44.6453
172,44.711
173,44.775
174,44.8374
175,44.8982
176,44.9573
177,45.0149
178,45.0709
179,45.1255
180,45.1785
181,45.23
182,45.2802
183,45.3288
184,45.3761
185,45.422
186,45.4666
187,45.5098
188,45.5517
189,45.5923
190,45.6316
191,45.6697
192,45.7065
193,45.7421
194,45.7766
195,45.8098
196,45.8419
197,45.8729
198,45.9027
199,45.9314
200,45.9591
201,45.9857
202,46.0112
203,46.0357
204,46.0591
205,46.0816
206,46.1031
207,46.1236
208,46.1431
209,46.1617
210,46.1793
211,46.1961
212,46.2119
213,46.2269
214,46.2409
215,46.2541
216,46.2665
217,46.278
218,46.2887
219,46.2986
220,46.3077
221,46.316
222,46.3235
223,46.3302
224,46.3362
225,46.3414
226,46.3459
227,46.3497
228,46.3528
229,46.3551
230,46.3568
231,46.3578
232,46.3581
233,46.3577
234,46.3567
235,46.3551
236,46.3528
237,46.3498
238,46.3463
239,46.3421
240,46.3373
241,46.332
242,46.326
243,46.3195
244,46.3124
245,46.3047
246,46.2964
247,46.2876
248,46.2783
249,46.2684
250,46.258
251,46.2471
252,46.2356
253,46.2236
254,46.2112
255,46.1982
256,46.1847
257,46.1708
258,46.1563
259,46.1414
260,46.126
261,46.1102
262,46.0939
263,46.0771
264,46.0599
265,46.0422
266,46.0241
267,46.0056
268,45.9866
269,45.9673
270,45.9474
271,45.9272
272,45.9066
273,45.8855
274,45.8641
275,45.8422
276,45.82
277,45.7974
278,45.7744
279,45.751
280,45.7272
281,45.703
282,45.6785
283,45.6536
284,45.6284
285,45.6027
286,45.5768
287,45.5505
288,45.5238
289,45.4968
290,45.4694
291,45.4417
292,45.4136
293,45.3853
294,45.3566
295,45.3275
296,45.2982
297,45.2685
298,45.2385
299,45.2082
300,45.1775
301,45.1466
302,45.1153
303,45.0838
304,45.0519
305,45.0198
306,44.9873
307,44.9545
308,44.9215
309,44.8882
310,44.8545
311,44.8206
312,44.7864
313,44.7519
314,44.7172
315,44.6821
316,44.6468
317,44.6112
318,44.5754
319,44.5393
320,44.5029
321,44.4662
322,44.4293
323,44.3921
324,44.3547
325,44.317
326,44.279
327,44.2408
328,44.2023
329,44.1636
330,44.1247
331,44.0855
332,44.046
333,44.0063
334,43.9664
335,43.9262
336,43.8858
337,43.8451
338,43.8043
339,43.7631
340,43.7218
341,43.6802
342,43.6384
343,43.5964
344,43.5541
345,43.5116
346,43.4689
347,43.426
348,43.3829
349,43.3395
350,43.2959
351,43.2521
352,43.2081
353,43.1639
354,43.1195
355,43.0748
356,43.03
357,42.9849
358,42.9397
359,42.8942
360,42.8485
361,42.8027
362,42.7566
363,42.7103
364,42.6639
365,42.6172
366,42.5704
367,42.5233
368,42.4761
369,42.4286
370,42.381
371,42.3332
372,42.2852
373,42.237
374,42.1886
375,42.1401
376,42.0913
377,42.0424
378,41.9933
379,41.944
380,41.8946
381,41.845
382,41.7952
383,41.7452
384,41.695
385,41.6447
386,41.5942
387,41.5435
388,41.4927
389,41.4417
390,41.3905
391,41.3392
392,41.2877
393,41.236
394,41.1842
395,41.1322
396,41.0801
397,41.0278
398,40.9753
399,40.9227
400,40.87
401,40.817
402,40.764
403,40.7108
404,40.6574
405,40.6039
406,40.5502
407,40.4964
408,40.4424
409,40.3883
410,40.3341
411,40.2797
412,40.2251
413,40.1705
414,40.1157
415,40.0607
416,40.0056
417,39.9504
418,39.895
419,39.8396
420,39.7839
421,39.7282
422,39.6723
423,39.6163
424,39.5602
425,39.5039
426,39.4475
427,39.391
428,39.3344
429,39.2776
430,39.2207
431,39.1637
432,39.1066
433,39.0494
434,38.992
435,38.9346
436,38.877
437,38.8193
438,38.7615
439,38.7036
440,38.6456
441,38.5875
442,38.5292
443,38.4709
444,38.4124
445,38.3539
446,38.2952
447,38.2365
448,38.1776
449,38.1187
450,38.0596
451,38.0005
452,37.9412
453,37.8819
454,37.8224
455,37.7629
456,37.7033
457,37.6436
458,37.5838
459,37.5239
460,37.464
461,37.4039
462,37.3438
463,37.2836
464,37.2233
465,37.1629
466,37.1024
467,37.0419
468,36.9813
469,36.9206
470,36.8598
471,36.799
472,36.7381
473,36.6771
474,36.6161
475,36.5549
476,36.4938
477,36.4325
478,36.3712
479,36.3098
480,36.2484
481,36.1869
482,36.1253
483,36.0637
484,36.002
485,35.9403
486,35.8785
487,35.8167
488,35.7548
489,35.6928
490,35.6308
491,35.5688
492,35.5067
493,35.4446
494,35.3824
495,35.3201
496,35.2579
497,35.1956
498,35.1332
499,35.0708
500,35.0084
501,34.9459
502,34.8834
503,34.8209
504,34.7583
505,34.6957
506,34.6331
507,34.5704
508,34.5077
509,34.445
510,34.3822
511,34.3195
512,34.2567
513,34.1939
514,34.131
515,34.0682
516,34.0053
517,33.9424
518,33.8795
519,33.8166
520,33.7537
521,33.6907
522,33.6278
523,33.5648
524,33.5018
525,33.4389
526,33.3759
527,33.3129
528,33.2499
529,33.1869
530,33.1239
531,33.0609
532,32.9979
533,32.9349
534,32.8719
535,32.809
536,32.746
537,32.683
538,32.6201
539,32.5571
540,32.4942
541,32.4312
542,32.3683
543,32.3054
544,32.2426
545,32.1797
546,32.1169
547,32.054
548,31.9912
549,31.9285
550,31.8657
551,31.803
552,31.7403
553,31.6776
554,31.6149
555,31.5523
556,31.4897
557,31.4272
558,31.3647
559,31.3022
560,31.2397
561,31.1773
562,31.1149
563,31.0526
564,30.9903
565,30.928
566,30.8658
567,30.8037
568,30.7415
569,30.6795
570,30.6174
571,30.5555
572,30.4935
573,30.4316
574,30.3698
575,30.308
576,30.2463
577,30.1847
578,30.1231
579,30.0615
580,30
581,29.9386
582,29.8772
583,29.8159
584,29.7547
585,29.6935
586,29.6324
587,29.5714
588,29.5104
589,29.4495
590,29.3886
591,29.3279
592,29.2672
593,29.2066
594,29.146
595,29.0855
596,29.0252
597,28.9648
598,28.9046
599,28.8445
600,28.7844
601,28.7244
602,28.6645
603,28.6047
604,28.5449
605,28.4853
606,28.4257
607,28.3662
608,28.3068
609,28.2475
610,28.1883
611,28.1292
612,28.0702
613,28.0113
614,27.9525
615,27.8937
616,27.8351
617,27.7765
618,27.7181
619,27.6598
620,27.6015
621,27.5434
622,27.4854
623,27.4274
624,27.3696
625,27.3119
626,27.2543
627,27.1968
628,27.1394
629,27.0821
630,27.0249
631,26.9679
632,26.9109
633,26.8541
634,26.7973
635,26.7407
636,26.6842
637,26.6278
638,26.5716
639,26.5154
640,26.4594
641,26.4035
642,26.3477
643,26.292
644,26.2365
645,26.1811
646,26.1258
647,26.0706
648,26.0156
649,25.9606
650,25.9058
651,25.8512
652,25.7966
653,25.7422
654,25.6879
655,25.6338
656,25.5797
657,25.5258
658,25.4721
659,25.4185
660,25.365
661,25.3116
662,25.2584
663,25.2053
664,25.1523
665,25.0995
666,25.0468
667,24.9943
668,24.9419
669,24.8896
670,24.8375
671,24.7855
672,24.7337
673,24.682
674,24.6304
675,24.579
676,24.5277
677,24.4766
678,24.4256
679,24.3747
680,24.324
681,24.2735
682,24.2231
683,24.1728
684,24.1227
685,24.0727
686,24.0229
687,23.9732
688,23.9237
689,23.8743
690,23.8251
691,23.776
692,23.7271
693,23.6783
694,23.6297
695,23.5812
696,23.5329
697,23.4847
698,23.4367
699,23.3888
700,23.3411
701,23.2936
702,23.2462
703,23.1989
704,23.1518
705,23.1049
706,23.0581
707,23.0115
708,22.965
709,22.9187
710,22.8725
711,22.8265
712,22.7806
713,22.735
714,22.6894
715,22.644
716,22.5988
717,22.5538
718,22.5088
719,22.4641
720,22.4195
721,22.3751
722,22.3308
723,22.2867
724,22.2427
725,22.1989
726,22.1553
727,22.1118
728,22.0685
729,22.0253
730,21.9823
731,21.9395
732,21.8968
733,21.8543
734,21.8119
735,21.7697
736,21.7277
737,21.6858
738,21.6441
739,21.6025
740,21.5611
741,21.5198
742,21.4788
743,21.4378
744,21.3971
745,21.3565
746,21.316
747,21.2757
748,21.2356
749,21.1956
750,21.1558
751,21.1162
752,21.0767
753,21.0374
754,20.9982
755,20.9592
756,20.9203
757,20.8816
758,20.8431
759,20.8047
760,20.7665
761,20.7284
762,20.6905
763,20.6528
764,20.6152
765,20.5778
766,20.5405
767,20.5034
768,20.4665
769,20.4297
770,20.393
771,20.3565
772,20.3202
773,20.2841
774,20.248
775,20.2122
776,20.1765
777,20.1409
778,20.1055
779,20.0703
780,20.0352
781,20.0003
782,19.9655
783,19.9309
784,19.8964
785,19.8621
786,19.828
787,19.794
788,19.7601
789,19.7264
790,19.6929
791,19.6595
792,19.6262
793,19.5932
794,19.5602
795,19.5274
796,19.4948
797,19.4623
798,19.4299
799,19.3978
800,19.3657
801,19.3338
802,19.3021
803,19.2705
804,19.239
805,19.2077
806,19.1766
807,19.1455
808,19.1147
809,19.084
810,19.0534
811,19.023
812,18.9927
813,18.9625
814,18.9325
815,18.9027
816,18.873
817,18.8434
818,18.814
819,18.7847
820,18.7555
821,18.7265
822,18.6977
823,18.669
824,18.6404
825,18.6119
826,18.5836
827,18.5555
828,18.5274
829,18.4995
830,18.4718
831,18.4442
832,18.4167
833,18.3893
834,18.3621
835,18.3351
836,18.3081
837,18.2813
838,18.2546
839,18.2281
840,18.2017
841,18.1754
842,18.1493
843,18.1232
844,18.0974
845,18.0716
846,18.046
847,18.0205
848,17.9951
849,17.9699
850,17.9448
851,17.9198
852,17.8949
853,17.8702
854,17.8456
855,17.8211
856,17.7968
857,17.7725
858,17.7484
859,17.7244
860,17.7006
861,17.6768
862,17.6532
863,17.6297
864,17.6064
865,17.5831
866,17.56
867,17.5369
868,17.514
869,17.4913
870,17.4686
871,17.4461
872,17.4236
873,17.4013
874,17.3791
875,17.3571
876,17.3351
877,17.3132
878,17.2915
879,17.2699
880,17.2484
881,17.227
882,17.2057
883,17.1845
884,17.1634
885,17.1425
886,17.1216
887,17.1009
888,17.0803
889,17.0598
890,17.0394
891,17.0191
892,16.9989
893,16.9788
894,16.9588
895,16.9389
896,16.9191
897,16.8995
898,16.8799
899,16.8604
900,16.8411
901,16.8218
902,16.8026
903,16.7836
904,16.7646
905,16.7458
906,16.727
907,16.7084
908,16.6898
909,16.6713
910,16.653
911,16.6347
912,16.6165
913,16.5985
914,16.5805
915,16.5626
916,16.5448
917,16.5271
918,16.5095
919,16.492
920,16.4746
921,16.4573
922,16.4401
923,16.4229
924,16.4059
925,16.3889
926,16.3721
927,16.3553
928,16.3386
929,16.322
930,16.3055
931,16.2891
932,16.2727
933,16.2565
934,16.2403
935,16.2242
936,16.2082
937,16.1923
938,16.1765
939,16.1607
940,16.1451
941,16.1295
942,16.114
943,16.0986
944,16.0833
945,16.068
946,16.0529
947,16.0378
948,16.0228
949,16.0078
950,15.993
951,15.9782
952,15.9635
953,15.9489
954,15.9343
955,15.9199
956,15.9055
957,15.8912
958,15.8769
959,15.8628
960,15.8487
961,15.8347
962,15.8207
963,15.8068
964,15.793
965,15.7793
966,15.7657
967,15.7521
968,15.7386
969,15.7251
970,15.7118
971,15.6985
972,15.6852
973,15.6721
974,15.659
975,15.6459
976,15.633
977,15.6201
978,15.6073
979,15.5945
980,15.5818
981,15.5692
982,15.5566
983,15.5441
984,15.5317
985,15.5193
986,15.507
987,15.4947
988,15.4826
989,15.4704
990,15.4584
991,15.4464
992,15.4345
993,15.4226
994,15.4108
995,15.399
996,15.3873
997,15.3757
998,15.3641
999,15.3526
1000,15.3411
1001,15.3297
1002,15.3184
1003,15.3071
1004,15.2959
1005,15.2847
1006,15.2736
1007,15.2625
1008,15.2515
1009,15.2406
1010,15.2297
1011,15.2188
1012,15.208
1013,15.1973
1014,15.1866
1015,15.176
1016,15.1654
1017,15.1549
1018,15.1444
1019,15.134
1020,15.1236
1021,15.1133
1022,15.103
1023,15.0928
1024,15.0827
1025,15.0725
1026,15.0625
1027,15.0524
1028,15.0425
1029,15.0325
1030,15.0227
1031,15.0128
1032,15.0031
1033,14.9933
1034,14.9836
1035,14.974
1036,14.9644
1037,14.9549
1038,14.9453
1039,14.9359
1040,14.9265
1041,14.9171
1042,14.9078
1043,14.8985
1044,14.8893
1045,14.8801
1046,14.8709
1047,14.8618
1048,14.8527
1049,14.8437
1050,14.8347
1051,14.8258
1052,14.8169
1053,14.808
1054,14.7992
1055,14.7904
1056,14.7817
1057,14.773
1058,14.7644
1059,14.7558
1060,14.7472
1061,14.7386
1062,14.7301
1063,14.7217
1064,14.7133
1065,14.7049
1066,14.6965
1067,14.6882
1068,14.68
1069,14.6717
1070,14.6635
1071,14.6554
1072,14.6472
1073,14.6391
1074,14.6311
1075,14.6231
1076,14.6151
1077,14.6071
1078,14.5992
1079,14.5913
1080,14.5835
1081,14.5757
1082,14.5679
1083,14.5602
1084,14.5525
1085,14.5448
1086,14.5371
1087,14.5295
1088,14.5219
1089,14.5144
1090,14.5069
1091,14.4994
1092,14.4919
1093,14.4845
1094,14.4771
1095,14.4698
1096,14.4624
1097,14.4551
1098,14.4479
1099,14.4406
1100,14.4334
1101,14.4262
1102,14.4191
1103,14.412
1104,14.4049
1105,14.3978
1106,14.3908
1107,14.3838
1108,14.3768
1109,14.3698
1110,14.3629
1111,14.356
1112,14.3492
1113,14.3423
1114,14.3355
1115,14.3287
1116,14.322
1117,14.3152
1118,14.3085
1119,14.3018
1120,14.2952
1121,14.2885
1122,14.2819
1123,14.2754
1124,14.2688
1125,14.2623
1126,14.2558
1127,14.2493
1128,14.2428
1129,14.2364
1130,14.23
1131,14.2236
1132,14.2172
1133,14.2109
1134,14.2046
1135,14.1983
1136,14.192
1137,14.1858
1138,14.1796
1139,14.1734
1140,14.1672
1141,14.161
1142,14.1549
1143,14.1488
1144,14.1427
1145,14.1367
1146,14.1306
1147,14.1246
1148,14.1186
1149,14.1126
1150,14.1066
1151,14.1007
1152,14.0948
1153,14.0889
1154,14.083
1155,14.0771
1156,14.0713
1157,14.0655
1158,14.0597
1159,14.0539
1160,14.0481
1161,14.0424
1162,14.0367
1163,14.031
1164,14.0253
1165,14.0196
1166,14.014
1167,14.0083
1168,14.0027
1169,13.9971
1170,13.9916
1171,13.986
1172,13.9805
1173,13.975
1174,13.9695
1175,13.964
1176,13.9585
1177,13.953
1178,13.9476
1179,13.9422
1180,13.9368
1181,13.9314
1182,13.926
1183,13.9207
1184,13.9154
1185,13.91
1186,13.9047
1187,13.8994
1188,13.8942
1189,13.8889
1190,13.8837
1191,13.8785
1192,13.8732
1193,13.868
1194,13.8629
1195,13.8577
1196,13.8526
1197,13.8474
1198,13.8423
1199,13.8372
1200,13.8321
1201,13.827
1202,13.822
1203,13.8169
1204,13.8119
1205,13.8069
1206,13.8019
1207,13.7969
1208,13.7919
1209,13.7869
1210,13.782
1211,13.777
1212,13.7721
1213,13.7672
1214,13.7623
1215,13.7574
1216,13.7526
1217,13.7477
1218,13.7429
1219,13.738
1220,13.7332
1221,13.7284
1222,13.7236
1223,13.7188
1224,13.714
1225,13.7093
1226,13.7045
1227,13.6998
1228,13.6951
1229,13.6903
1230,13.6856
1231,13.681
1232,13.6763
1233,13.6716
1234,13.667
1235,13.6623
1236,13.6577
1237,13.6531
1238,13.6484
1239,13.6438
1240,13.6393
1241,13.6347
1242,13.6301
1243,13.6255
1244,13.621
1245,13.6165
1246,13.6119
1247,13.6074
1248,13.6029
1249,13.5984
1250,13.5939
1251,13.5895
1252,13.585
1253,13.5805
1254,13.5761
1255,13.5717
1256,13.5672
1257,13.5628
1258,13.5584
1259,13.554
1260,13.5496
1261,13.5452
1262,13.5409
1263,13.5365
1264,13.5321
1265,13.5278
1266,13.5235
1267,13.5191
1268,13.5148
1269,13.5105
1270,13.5062
1271,13.5019
1272,13.4976
1273,13.4934
1274,13.4891
1275,13.4848
1276,13.4806
1277,13.4763
1278,13.4721
1279,13.4679
1280,13.4637
1281,13.4595
1282,13.4553
1283,13.4511
1284,13.4469
1285,13.4427
1286,13.4385
1287,13.4344
1288,13.4302
1289,13.4261
1290,13.4219
1291,13.4178
1292,13.4137
1293,13.4096
1294,13.4055
1295,13.4013
1296,13.3973
1297,13.3932
1298,13.3891
1299,13.385
1300,13.3809
1301,13.3769
1302,13.3728
1303,13.3688
1304,13.3647
1305,13.3607
1306,13.3567
1307,13.3527
1308,13.3486
1309,13.3446
1310,13.3406
1311,13.3366
1312,13.3326
1313,13.3287
1314,13.3247
1315,13.3207
1316,13.3168
1317,13.3128
1318,13.3088
1319,13.3049
1320,13.301
1321,13.297
1322,13.2931
1323,13.2892
1324,13.2853
1325,13.2814
1326,13.2775
1327,13.2736
1328,13.2697
1329,13.2658
1330,13.2619
1331,13.258
1332,13.2541
1333,13.2503
1334,13.2464
1335,13.2426
1336,13.2387
1337,13.2349
1338,13.231
1339,13.2272
1340,13.2234
1341,13.2195
1342,13.2157
1343,13.2119
1344,13.2081
1345,13.2043
1346,13.2005
1347,13.1967
1348,13.1929
1349,13.1891
1350,13.1854
1351,13.1816
1352,13.1778
1353,13.1741
1354,13.1703
1355,13.1665
1356,13.1628
1357,13.1591
1358,13.1553
1359,13.1516
1360,13.1478
1361,13.1441
1362,13.1404
1363,13.1367
1364,13.133
1365,13.1292
1366,13.1255
1367,13.1218
1368,13.1181
1369,13.1145
1370,13.1108
1371,13.1071
1372,13.1034
1373,13.0997
1374,13.096
1375,13.0924
1376,13.0887
1377,13.0851
1378,13.0814
1379,13.0777
1380,13.0741
1381,13.0705
1382,13.0668
1383,13.0632
1384,13.0595
1385,13.0559
1386,13.0523
1387,13.0487
1388,13.045
1389,13.0414
1390,13.0378
1391,13.0342
1392,13.0306
1393,13.027
1394,13.0234
1395,13.0198
1396,13.0162
1397,13.0126
1398,13.0091
1399,13.0055
1400,13.0019
1401,12.9983
1402,12.9948
1403,12.9912
1404,12.9876
1405,12.9841
1406,12.9805
1407,12.9769
1408,12.9734
1409,12.9699
1410,12.9663
1411,12.9628
1412,12.9592
1413,12.9557
1414,12.9522
1415,12.9486
1416,12.9451
1417,12.9416
1418,12.9381
1419,12.9345
1420,12.931
1421,12.9275
1422,12.924
1423,12.9205
1424,12.917
1425,12.9135
1426,12.91
1427,12.9065
1428,12.903
1429,12.8995
1430,12.896
1431,12.8926
1432,12.8891
1433,12.8856
1434,12.8821
1435,12.8787
1436,12.8752
1437,12.8717
1438,12.8683
1439,12.8648
1440,12.8613
1441,12.8579
1442,12.8544
1443,12.851
1444,12.8475
1445,12.8441
1446,12.8406
1447,12.8372
1448,12.8337
1449,12.8303
1450,12.8269
1451,12.8234
1452,12.82
1453,12.8166
1454,12.8132
1455,12.8097
1456,12.8063
1457,12.8029
1458,12.7995
1459,12.7961
1460,12.7926
1461,12.7892
1462,12.7858
1463,12.7824
1464,12.779
1465,12.7756
1466,12.7722
1467,12.7688
1468,12.7654
1469,12.762
1470,12.7586
1471,12.7553
1472,12.7519
1473,12.7485
1474,12.7451
1475,12.7417
1476,12.7383
1477,12.735
1478,12.7316
1479,12.7282
1480,12.7249
1481,12.7215
1482,12.7181
1483,12.7148
1484,12.7114
1485,12.708
1486,12.7047
1487,12.7013
1488,12.698
1489,12.6946
1490,12.6912
1491,12.6879
1492,12.6846
1493,12.6812
1494,12.6779
1495,12.6745
1496,12.6712
1497,12.6678
1498,12.6645
1499,12.6612
1500,12.6578
1501,12.6545
1502,12.6512
1503,12.6478
1504,12.6445
1505,12.6412
1506,12.6379
1507,12.6345
1508,12.6312
1509,12.6279
1510,12.6246
1511,12.6213
1512,12.6179
1513,12.6146
1514,12.6113
1515,12.608
1516,12.6047
1517,12.6014
1518,12.5981
1519,12.5948
1520,12.5915
1521,12.5882
1522,12.5849
1523,12.5816
1524,12.5783
1525,12.575
1526,12.5717
1527,12.5684
1528,12.5651
1529,12.5618
1530,12.5586
1531,12.5553
1532,12.552
1533,12.5487
1534,12.5454
1535,12.5421
1536,12.5389
1537,12.5356
1538,12.5323
1539,12.529
1540,12.5258
1541,12.5225
1542,12.5192
1543,12.5159
1544,12.5127
1545,12.5094
1546,12.5061
1547,12.5029
1548,12.4996
1549,12.4964
1550,12.4931
1551,12.4898
1552,12.4866
1553,12.4833
1554,12.4801
1555,12.4768
1556,12.4736
1557,12.4703
1558,12.4671
1559,12.4638
1560,12.4606
1561,12.4573
1562,12.4541
1563,12.4508
1564,12.4476
1565,12.4443
1566,12.4411
1567,12.4378
1568,12.4346
1569,12.4314
1570,12.4281
1571,12.4249
1572,12.4217
1573,12.4184
1574,12.4152
1575,12.412
1576,12.4087
1577,12.4055
1578,12.4023
1579,12.3991
1580,12.3958
1581,12.3926
1582,12.3894
1583,12.3862
1584,12.3829
1585,12.3797
1586,12.3765
1587,12.3733
1588,12.3701
1589,12.3668
1590,12.3636
1591,12.3604
1592,12.3572
1593,12.354
1594,12.3508
1595,12.3476
1596,12.3444
1597,12.3412
1598,12.3379
1599,12.3347
1600,12.3315
1601,12.3283
1602,12.3251
1603,12.3219
1604,12.3187
1605,12.3155
1606,12.3123
1607,12.3091
1608,12.3059
1609,12.3027
1610,12.2995
1611,12.2963
1612,12.2931
1613,12.29
1614,12.2868
1615,12.2836
1616,12.2804
1617,12.2772
1618,12.274
1619,12.2708
1620,12.2676
1621,12.2644
1622,12.2613
1623,12.2581
1624,12.2549
1625,12.2517
1626,12.2485
1627,12.2453
1628,12.2422
1629,12.239
1630,12.2358
1631,12.2326
1632,12.2295
1633,12.2263
1634,12.2231
1635,12.2199
1636,12.2168
1637,12.2136
1638,12.2104
1639,12.2072
1640,12.2041
1641,12.2009
1642,12.1977
1643,12.1946
1644,12.1914
1645,12.1882
1646,12.1851
1647,12.1819
1648,12.1787
1649,12.1756
1650,12.1724
1651,12.1692
1652,12.1661
1653,12.1629
1654,12.1598
1655,12.1566
1656,12.1535
1657,12.1503
1658,12.1471
1659,12.144
1660,12.1408
1661,12.1377
1662,12.1345
1663,12.1314
1664,12.1282
1665,12.1251
1666,12.1219
1667,12.1188
1668,12.1156
1669,12.1125
1670,12.1093
1671,12.1062
1672,12.103
1673,12.0999
1674,12.0967
1675,12.0936
1676,12.0905
1677,12.0873
1678,12.0842
1679,12.081
1680,12.0779
1681,12.0747
1682,12.0716
1683,12.0685
1684,12.0653
1685,12.0622
1686,12.0591
1687,12.0559
1688,12.0528
1689,12.0497
1690,12.0465
1691,12.0434
1692,12.0403
1693,12.0371
1694,12.034
1695,12.0309
1696,12.0277
1697,12.0246
1698,12.0215
1699,12.0183
1700,12.0152
1701,12.0121
1702,12.009
1703,12.0058
1704,12.0027
1705,11.9996
1706,11.9965
1707,11.9933
1708,11.9902
1709,11.9871
1710,11.984
1711,11.9809
1712,11.9777
1713,11.9746
1714,11.9715
1715,11.9684
1716,11.9653
1717,11.9622
1718,11.959
1719,11.9559
1720,11.9528
1721,11.9497
1722,11.9466
1723,11.9435
1724,11.9404
1725,11.9372
1726,11.9341
1727,11.931
1728,11.9279
1729,11.9248
1730,11.9217
1731,11.9186
1732,11.9155
1733,11.9124
1734,11.9093
1735,11.9062
1736,11.9031
1737,11.8999
1738,11.8968
1739,11.8937
1740,11.8906
1741,11.8875
1742,11.8844
1743,11.8813
1744,11.8782
1745,11.8751
1746,11.872
1747,11.8689
1748,11.8658
1749,11.8627
1750,11.8596
1751,11.8565
1752,11.8534
1753,11.8504
1754,11.8473
1755,11.8442
1756,11.8411
1757,11.838
1758,11.8349
1759,11.8318
1760,11.8287
1761,11.8256
1762,11.8225
1763,11.8194
1764,11.8163
1765,11.8132
1766,11.8102
1767,11.8071
1768,11.804
1769,11.8009
1770,11.7978
1771,11.7947
1772,11.7916
1773,11.7886
1774,11.7855
1775,11.7824
1776,11.7793
1777,11.7762
1778,11.7731
1779,11.7701
1780,11.767
1781,11.7639
1782,11.7608
1783,11.7577
1784,11.7547
1785,11.7516
1786,11.7485
1787,11.7454
1788,11.7423
1789,11.7393
1790,11.7362
1791,11.7331
1792,11.73
1793,11.727
1794,11.7239
1795,11.7208
1796,11.7178
1797,11.7147
1798,11.7116
1799,11.7085
1800,11.7055
