environment | time (s),ERK | ERKPP_percent (dimensionless)
0,0
1,5.76293e-30
2,1.35611e-22
3,7.84013e-19
4,2.32812e-16
5,1.52886e-14
6,4.028e-13
7,5.75984e-12
8,5.32337e-11
9,3.54415e-10
10,1.83117e-9
11,7.72809e-9
12,2.76503e-8
13,8.6244e-8
14,2.39623e-7
15,6.0305e-7
16,1.39335e-6
17,2.98915e-6
18,6.00929e-6
19,1.14098e-5
20,2.05984e-5
21,3.55609e-5
22,5.89997e-5
23,9.44847e-5
24,0.000146601
25,0.000221104
26,0.000325062
27,0.000467007
28,0.000657065
29,0.000907065
30,0.00123066
31,0.0016434
32,0.00216283
33,0.00280854
34,0.00360218
35,0.0045675
36,0.00573037
37,0.00711872
38,0.00876259
39,0.010694
40,0.012947
41,0.0155576
42,0.0185636
43,0.0220045
44,0.0259216
45,0.0303579
46,0.0353576
47,0.0409667
48,0.047232
49,0.0542018
50,0.0619253
51,0.0704527
52,0.079835
53,0.0901238
54,0.101371
55,0.11363
56,0.126954
57,0.141395
58,0.157007
59,0.173843
60,0.191956
61,0.2114
62,0.232226
63,0.254488
64,0.278235
65,0.303521
66,0.330394
67,0.358904
68,0.389099
69,0.421028
70,0.454737
71,0.490271
72,0.527674
73,0.56699
74,0.60826
75,0.651525
76,0.696823
77,0.744193
78,0.79367
79,0.84529
80,0.899085
81,0.955087
82,1.01333
83,1.07383
84,1.13663
85,1.20174
86,1.2692
87,1.33902
88,1.41122
89,1.48582
90,1.56285
91,1.64231
92,1.72422
93,1.80859
94,1.89543
95,1.98475
96,2.07657
97,2.17087
98,2.26768
99,2.36699
100,2.46881
101,2.57313
102,2.67995
103,2.78927
104,2.9011
105,3.01541
106,3.13221
107,3.25149
108,3.37324
109,3.49744
110,3.6241
111,3.75319
112,3.8847
113,4.01862
114,4.15494
115,4.29363
116,4.43468
117,4.57807
118,4.72378
119,4.87179
120,5.02209
121,5.17464
122,5.32943
123,5.48644
124,5.64564
125,5.807
126,5.97051
127,6.13613
128,6.30384
129,6.47362
130,6.64543
131,6.81926
132,6.99507
133,7.17283
134,7.35251
135,7.5341
136,7.71755
137,7.90284
138,8.08994
139,8.27881
140,8.46944
141,8.66178
142,8.85581
143,9.0515
144,9.24881
145,9.44772
146,9.64819
147,9.8502
148,10.0537
149,10.2587
150,10.4651
151,10.6729
152,10.8821
153,11.0927
154,11.3045
155,11.5177
156,11.7321
157,11.9477
158,12.1645
159,12.3825
160,12.6016
161,12.8218
162,13.043
163,13.2653
164,13.4887
165,13.713
166,13.9382
167,14.1644
168,14.3914
169,14.6193
170,14.8481
171,15.0776
172,15.308
173,15.539
174,15.7708
175,16.0033
176,16.2365
177,16.4702
178,16.7046
179,16.9396
180,17.1751
181,17.4112
182,17.6478
183,17.8848
184,18.1223
185,18.3603
186,18.5986
187,18.8373
188,19.0764
189,19.3158
190,19.5555
191,19.7955
192,20.0357
193,20.2762
194,20.5169
195,20.7578
196,20.9988
197,21.2401
198,21.4814
199,21.7228
200,21.9644
201,22.206
202,22.4476
203,22.6893
204,22.9309
205,23.1726
206,23.4142
207,23.6558
208,23.8973
209,24.1387
210,24.38
211,24.6212
212,24.8622
213,25.1031
214,25.3438
215,25.5843
216,25.8246
217,26.0646
218,26.3044
219,26.544
220,26.7833
221,27.0223
222,27.261
223,27.4994
224,27.7375
225,27.9752
226,28.2125
227,28.4495
228,28.6861
229,28.9223
230,29.1581
231,29.3935
232,29.6284
233,29.8629
234,30.0969
235,30.3304
236,30.5635
237,30.7961
238,31.0281
239,31.2597
240,31.4907
241,31.7212
242,31.9512
243,32.1805
244,32.4094
245,32.6376
246,32.8653
247,33.0923
248,33.3188
249,33.5447
250,33.7699
251,33.9945
252,34.2185
253,34.4418
254,34.6645
255,34.8865
256,35.1079
257,35.3286
258,35.5486
259,35.7679
260,35.9865
261,36.2044
262,36.4217
263,36.6382
264,36.854
265,37.0691
266,37.2834
267,37.497
268,37.7099
269,37.922
270,38.1334
271,38.344
272,38.5539
273,38.763
274,38.9713
275,39.1789
276,39.3857
277,39.5917
278,39.7969
279,40.0013
280,40.205
281,40.4078
282,40.6099
283,40.8111
284,41.0116
285,41.2112
286,41.4101
287,41.6081
288,41.8053
289,42.0017
290,42.1973
291,42.392
292,42.5859
293,42.779
294,42.9713
295,43.1627
296,43.3534
297,43.5431
298,43.7321
299,43.9202
300,44.1075
301,44.2939
302,44.4795
303,44.6642
304,44.8481
305,45.0312
306,45.2134
307,45.3948
308,45.5753
309,45.755
310,45.9339
311,46.1119
312,46.289
313,46.4653
314,46.6408
315,46.8154
316,46.9892
317,47.1621
318,47.3341
319,47.5054
320,47.6757
321,47.8453
322,48.014
323,48.1818
324,48.3488
325,48.5149
326,48.6803
327,48.8447
328,49.0083
329,49.1711
330,49.3331
331,49.4942
332,49.6544
333,49.8138
334,49.9724
335,50.1302
336,50.2871
337,50.4432
338,50.5984
339,50.7529
340,50.9064
341,51.0592
342,51.2111
343,51.3622
344,51.5125
345,51.662
346,51.8106
347,51.9585
348,52.1055
349,52.2517
350,52.397
351,52.5416
352,52.6853
353,52.8283
354,52.9704
355,53.1117
356,53.2523
357,53.392
358,53.5309
359,53.669
360,53.8064
361,53.9429
362,54.0787
363,54.2136
364,54.3478
365,54.4812
366,54.6138
367,54.7456
368,54.8766
369,55.0069
370,55.1364
371,55.2651
372,55.393
373,55.5202
374,55.6466
375,55.7723
376,55.8972
377,56.0213
378,56.1447
379,56.2673
380,56.3891
381,56.5103
382,56.6306
383,56.7503
384,56.8691
385,56.9873
386,57.1047
387,57.2214
388,57.3373
389,57.4525
390,57.567
391,57.6808
392,57.7938
393,57.9061
394,58.0177
395,58.1286
396,58.2388
397,58.3483
398,58.457
399,58.5651
400,58.6724
401,58.7791
402,58.8851
403,58.9903
404,59.0949
405,59.1988
406,59.302
407,59.4045
408,59.5063
409,59.6075
410,59.708
411,59.8078
412,59.9069
413,60.0054
414,60.1032
415,60.2003
416,60.2968
417,60.3926
418,60.4878
419,60.5823
420,60.6761
421,60.7694
422,60.8619
423,60.9539
424,61.0451
425,61.1358
426,61.2258
427,61.3152
428,61.4039
429,61.4921
430,61.5796
431,61.6665
432,61.7527
433,61.8384
434,61.9234
435,62.0078
436,62.0916
437,62.1748
438,62.2574
439,62.3394
440,62.4209
441,62.5017
442,62.5819
443,62.6615
444,62.7405
445,62.819
446,62.8968
447,62.9741
448,63.0508
449,63.127
450,63.2025
451,63.2775
452,63.3519
453,63.4258
454,63.499
455,63.5718
456,63.6439
457,63.7155
458,63.7866
459,63.8571
460,63.927
461,63.9965
462,64.0653
463,64.1336
464,64.2014
465,64.2687
466,64.3354
467,64.4015
468,64.4672
469,64.5323
470,64.5969
471,64.661
472,64.7245
473,64.7875
474,64.85
475,64.912
476,64.9735
477,65.0345
478,65.095
479,65.1549
480,65.2144
481,65.2734
482,65.3318
483,65.3898
484,65.4473
485,65.5042
486,65.5607
487,65.6167
488,65.6722
489,65.7273
490,65.7818
491,65.8359
492,65.8895
493,65.9426
494,65.9953
495,66.0475
496,66.0992
497,66.1504
498,66.2012
499,66.2515
500,66.3014
501,66.3508
502,66.3998
503,66.4483
504,66.4963
505,66.5439
506,66.591
507,66.6377
508,66.684
509,66.7298
510,66.7752
511,66.8201
512,66.8646
513,66.9087
514,66.9524
515,66.9956
516,67.0383
517,67.0807
518,67.1226
519,67.1641
520,67.2052
521,67.2459
522,67.2862
523,67.326
524,67.3654
525,67.4044
526,67.4431
527,67.4813
528,67.519
529,67.5564
530,67.5934
531,67.63
532,67.6662
533,67.702
534,67.7374
535,67.7724
536,67.807
537,67.8412
538,67.8751
539,67.9085
540,67.9416
541,67.9743
542,68.0066
543,68.0385
544,68.0701
545,68.1012
546,68.132
547,68.1625
548,68.1925
549,68.2222
550,68.2515
551,68.2805
552,68.3091
553,68.3373
554,68.3651
555,68.3927
556,68.4198
557,68.4466
558,68.473
559,68.4991
560,68.5248
561,68.5502
562,68.5752
563,68.5999
564,68.6243
565,68.6483
566,68.6719
567,68.6952
568,68.7182
569,68.7408
570,68.7631
571,68.7851
572,68.8067
573,68.828
574,68.849
575,68.8696
576,68.8899
577,68.9099
578,68.9296
579,68.9489
580,68.9679
581,68.9866
582,69.005
583,69.023
584,69.0407
585,69.0582
586,69.0753
587,69.0921
588,69.1085
589,69.1247
590,69.1406
591,69.1561
592,69.1714
593,69.1863
594,69.201
595,69.2153
596,69.2293
597,69.2431
598,69.2565
599,69.2697
600,69.2825
601,69.2951
602,69.3073
603,69.3193
604,69.331
605,69.3424
606,69.3535
607,69.3643
608,69.3748
609,69.3851
610,69.395
611,69.4047
612,69.4141
613,69.4232
614,69.4321
615,69.4406
616,69.4489
617,69.4569
618,69.4646
619,69.4721
620,69.4793
621,69.4862
622,69.4929
623,69.4993
624,69.5054
625,69.5112
626,69.5168
627,69.5222
628,69.5272
629,69.532
630,69.5366
631,69.5408
632,69.5449
633,69.5486
634,69.5521
635,69.5554
636,69.5584
637,69.5612
638,69.5636
639,69.5659
640,69.5679
641,69.5696
642,69.5711
643,69.5724
644,69.5734
645,69.5742
646,69.5747
647,69.575
648,69.575
649,69.5748
650,69.5744
651,69.5737
652,69.5728
653,69.5716
654,69.5702
655,69.5686
656,69.5668
657,69.5647
658,69.5624
659,69.5598
660,69.557
661,69.554
662,69.5508
663,69.5473
664,69.5436
665,69.5397
666,69.5356
667,69.5312
668,69.5267
669,69.5219
670,69.5168
671,69.5116
672,69.5061
673,69.5005
674,69.4946
675,69.4885
676,69.4821
677,69.4756
678,69.4689
679,69.4619
680,69.4547
681,69.4474
682,69.4398
683,69.432
684,69.424
685,69.4157
686,69.4073
687,69.3987
688,69.3899
689,69.3808
690,69.3716
691,69.3622
692,69.3526
693,69.3427
694,69.3327
695,69.3225
696,69.312
697,69.3014
698,69.2906
699,69.2796
700,69.2684
701,69.257
702,69.2454
703,69.2336
704,69.2216
705,69.2094
706,69.1971
707,69.1845
708,69.1718
709,69.1589
710,69.1458
711,69.1325
712,69.119
713,69.1054
714,69.0916
715,69.0775
716,69.0633
717,69.049
718,69.0344
719,69.0197
720,69.0047
721,68.9897
722,68.9744
723,68.9589
724,68.9433
725,68.9275
726,68.9116
727,68.8954
728,68.8791
729,68.8626
730,68.846
731,68.8291
732,68.8122
733,68.795
734,68.7777
735,68.7602
736,68.7425
737,68.7247
738,68.7067
739,68.6885
740,68.6702
741,68.6517
742,68.6331
743,68.6143
744,68.5953
745,68.5762
746,68.5569
747,68.5375
748,68.5179
749,68.4982
750,68.4782
751,68.4582
752,68.438
753,68.4176
754,68.3971
755,68.3764
756,68.3556
757,68.3346
758,68.3134
759,68.2922
760,68.2707
761,68.2492
762,68.2274
763,68.2056
764,68.1835
765,68.1614
766,68.1391
767,68.1166
768,68.094
769,68.0713
770,68.0484
771,68.0254
772,68.0022
773,67.9789
774,67.9554
775,67.9319
776,67.9081
777,67.8843
778,67.8603
779,67.8361
780,67.8119
781,67.7875
782,67.7629
783,67.7382
784,67.7134
785,67.6885
786,67.6634
787,67.6382
788,67.6129
789,67.5874
790,67.5618
791,67.5361
792,67.5102
793,67.4842
794,67.4581
795,67.4319
796,67.4055
797,67.3791
798,67.3524
799,67.3257
800,67.2989
801,67.2719
802,67.2448
803,67.2175
804,67.1902
805,67.1627
806,67.1351
807,67.1074
808,67.0796
809,67.0517
810,67.0236
811,66.9954
812,66.9671
813,66.9387
814,66.9102
815,66.8816
816,66.8528
817,66.8239
818,66.795
819,66.7659
820,66.7367
821,66.7074
822,66.6779
823,66.6484
824,66.6187
825,66.589
826,66.5591
827,66.5292
828,66.4991
829,66.4689
830,66.4386
831,66.4082
832,66.3777
833,66.3471
834,66.3164
835,66.2856
836,66.2547
837,66.2236
838,66.1925
839,66.1613
840,66.13
841,66.0986
842,66.067
843,66.0354
844,66.0037
845,65.9719
846,65.94
847,65.908
848,65.8759
849,65.8436
850,65.8113
851,65.779
852,65.7465
853,65.7139
854,65.6812
855,65.6484
856,65.6156
857,65.5826
858,65.5496
859,65.5164
860,65.4832
861,65.4499
862,65.4165
863,65.383
864,65.3494
865,65.3158
866,65.282
867,65.2482
868,65.2142
869,65.1802
870,65.1461
871,65.1119
872,65.0777
873,65.0433
874,65.0089
875,64.9743
876,64.9397
877,64.9051
878,64.8703
879,64.8354
880,64.8005
881,64.7655
882,64.7304
883,64.6953
884,64.66
885,64.6247
886,64.5893
887,64.5538
888,64.5183
889,64.4826
890,64.4469
891,64.4111
892,64.3753
893,64.3394
894,64.3034
895,64.2673
896,64.2311
897,64.1949
898,64.1586
899,64.1222
900,64.0858
901,64.0493
902,64.0127
903,63.9761
904,63.9393
905,63.9025
906,63.8657
907,63.8288
908,63.7918
909,63.7547
910,63.7176
911,63.6804
912,63.6431
913,63.6058
914,63.5684
915,63.5309
916,63.4934
917,63.4558
918,63.4182
919,63.3805
920,63.3427
921,63.3049
922,63.267
923,63.229
924,63.191
925,63.1529
926,63.1147
927,63.0765
928,63.0383
929,63
930,62.9616
931,62.9231
932,62.8846
933,62.8461
934,62.8075
935,62.7688
936,62.7301
937,62.6913
938,62.6525
939,62.6136
940,62.5746
941,62.5356
942,62.4966
943,62.4575
944,62.4183
945,62.3791
946,62.3398
947,62.3005
948,62.2611
949,62.2217
950,62.1822
951,62.1427
952,62.1031
953,62.0635
954,62.0238
955,61.9841
956,61.9443
957,61.9045
958,61.8646
959,61.8247
960,61.7848
961,61.7448
962,61.7047
963,61.6646
964,61.6244
965,61.5842
966,61.544
967,61.5037
968,61.4634
969,61.423
970,61.3826
971,61.3421
972,61.3016
973,61.2611
974,61.2205
975,61.1798
976,61.1392
977,61.0984
978,61.0577
979,61.0169
980,60.976
981,60.9351
982,60.8942
983,60.8533
984,60.8123
985,60.7712
986,60.7301
987,60.689
988,60.6479
989,60.6067
990,60.5654
991,60.5242
992,60.4829
993,60.4415
994,60.4002
995,60.3587
996,60.3173
997,60.2758
998,60.2343
999,60.1927
1000,60.1511
1001,60.1095
1002,60.0679
1003,60.0262
1004,59.9844
1005,59.9427
1006,59.9009
1007,59.8591
1008,59.8172
1009,59.7753
1010,59.7334
1011,59.6915
1012,59.6495
1013,59.6075
1014,59.5654
1015,59.5234
1016,59.4813
1017,59.4391
1018,59.397
1019,59.3548
1020,59.3126
1021,59.2703
1022,59.2281
1023,59.1858
1024,59.1434
1025,59.1011
1026,59.0587
1027,59.0163
1028,58.9738
1029,58.9314
1030,58.8889
1031,58.8464
1032,58.8038
1033,58.7613
1034,58.7187
1035,58.6761
1036,58.6334
1037,58.5908
1038,58.5481
1039,58.5054
1040,58.4626
1041,58.4199
1042,58.3771
1043,58.3343
1044,58.2915
1045,58.2486
1046,58.2057
1047,58.1628
1048,58.1199
1049,58.077
1050,58.034
1051,57.9911
1052,57.9481
1053,57.905
1054,57.862
1055,57.8189
1056,57.7759
1057,57.7328
1058,57.6897
1059,57.6465
1060,57.6034
1061,57.5602
1062,57.517
1063,57.4738
1064,57.4306
1065,57.3873
1066,57.3441
1067,57.3008
1068,57.2575
1069,57.2142
1070,57.1708
1071,57.1275
1072,57.0841
1073,57.0407
1074,56.9974
1075,56.9539
1076,56.9105
1077,56.8671
1078,56.8236
1079,56.7802
1080,56.7367
1081,56.6932
1082,56.6497
1083,56.6061
1084,56.5626
1085,56.519
1086,56.4755
1087,56.4319
1088,56.3883
1089,56.3447
1090,56.3011
1091,56.2575
1092,56.2138
1093,56.1702
1094,56.1265
1095,56.0828
1096,56.0391
1097,55.9954
1098,55.9517
1099,55.908
1100,55.8643
1101,55.8205
1102,55.7768
1103,55.733
1104,55.6892
1105,55.6455
1106,55.6017
1107,55.5579
1108,55.5141
1109,55.4702
1110,55.4264
1111,55.3826
1112,55.3387
1113,55.2949
1114,55.251
1115,55.2072
1116,55.1633
1117,55.1194
1118,55.0755
1119,55.0316
1120,54.9877
1121,54.9438
1122,54.8999
1123,54.856
1124,54.812
1125,54.7681
1126,54.7241
1127,54.6802
1128,54.6362
1129,54.5923
1130,54.5483
1131,54.5043
1132,54.4604
1133,54.4164
1134,54.3724
1135,54.3284
1136,54.2844
1137,54.2404
1138,54.1964
1139,54.1524
1140,54.1084
1141,54.0644
1142,54.0204
1143,53.9763
1144,53.9323
1145,53.8883
1146,53.8443
1147,53.8002
1148,53.7562
1149,53.7121
1150,53.6681
1151,53.6241
1152,53.58
1153,53.536
1154,53.4919
1155,53.4479
1156,53.4038
1157,53.3598
1158,53.3157
1159,53.2716
1160,53.2276
1161,53.1835
1162,53.1395
1163,53.0954
1164,53.0513
1165,53.0073
1166,52.9632
1167,52.9192
1168,52.8751
1169,52.831
1170,52.787
1171,52.7429
1172,52.6988
1173,52.6548
1174,52.6107
1175,52.5667
1176,52.5226
1177,52.4786
1178,52.4345
1179,52.3904
1180,52.3464
1181,52.3023
1182,52.2583
1183,52.2142
1184,52.1702
1185,52.1262
1186,52.0821
1187,52.0381
1188,51.994
1189,51.95
1190,51.906
1191,51.862
1192,51.8179
1193,51.7739
1194,51.7299
1195,51.6859
1196,51.6419
1197,51.5979
1198,51.5538
1199,51.5098
1200,51.4658
1201,51.4219
1202,51.3779
1203,51.3339
1204,51.2899
1205,51.2459
1206,51.2019
1207,51.158
1208,51.114
1209,51.0701
1210,51.0261
1211,50.9822
1212,50.9382
1213,50.8943
1214,50.8503
1215,50.8064
1216,50.7625
1217,50.7186
1218,50.6747
1219,50.6308
1220,50.5869
1221,50.543
1222,50.4991
1223,50.4552
1224,50.4113
1225,50.3674
1226,50.3236
1227,50.2797
1228,50.2359
1229,50.192
1230,50.1482
1231,50.1044
1232,50.0605
1233,50.0167
1234,49.9729
1235,49.9291
1236,49.8853
1237,49.8415
1238,49.7978
1239,49.754
1240,49.7102
1241,49.6665
1242,49.6227
1243,49.579
1244,49.5352
1245,49.4915
1246,49.4478
1247,49.4041
1248,49.3604
1249,49.3167
1250,49.273
1251,49.2293
1252,49.1857
1253,49.142
1254,49.0984
1255,49.0547
1256,49.0111
1257,48.9675
1258,48.9239
1259,48.8802
1260,48.8367
1261,48.7931
1262,48.7495
1263,48.7059
1264,48.6624
1265,48.6188
1266,48.5753
1267,48.5318
1268,48.4882
1269,48.4447
1270,48.4012
1271,48.3577
1272,48.3143
1273,48.2708
1274,48.2273
1275,48.1839
1276,48.1405
1277,48.097
1278,48.0536
1279,48.0102
1280,47.9668
1281,47.9234
1282,47.8801
1283,47.8367
1284,47.7933
1285,47.75
1286,47.7067
1287,47.6634
1288,47.6201
1289,47.5768
1290,47.5335
1291,47.4902
1292,47.4469
1293,47.4037
1294,47.3605
1295,47.3172
1296,47.274
1297,47.2308
1298,47.1876
1299,47.1444
1300,47.1013
1301,47.0581
1302,47.015
1303,46.9718
1304,46.9287
1305,46.8856
1306,46.8425
1307,46.7994
1308,46.7564
1309,46.7133
1310,46.6703
1311,46.6272
1312,46.5842
1313,46.5412
1314,46.4982
1315,46.4552
1316,46.4123
1317,46.3693
1318,46.3264
1319,46.2834
1320,46.2405
1321,46.1976
1322,46.1547
1323,46.1119
1324,46.069
1325,46.0261
1326,45.9833
1327,45.9405
1328,45.8977
1329,45.8549
1330,45.8121
1331,45.7693
1332,45.7266
1333,45.6838
1334,45.6411
1335,45.5984
1336,45.5557
1337,45.513
1338,45.4703
1339,45.4277
1340,45.385
1341,45.3424
1342,45.2998
1343,45.2572
1344,45.2146
1345,45.172
1346,45.1295
1347,45.0869
1348,45.0444
1349,45.0019
1350,44.9594
1351,44.9169
1352,44.8744
1353,44.832
1354,44.7895
1355,44.7471
1356,44.7047
1357,44.6623
1358,44.6199
1359,44.5775
1360,44.5352
1361,44.4928
1362,44.4505
1363,44.4082
1364,44.3659
1365,44.3236
1366,44.2814
1367,44.2391
1368,44.1969
1369,44.1547
1370,44.1125
1371,44.0703
1372,44.0281
1373,43.986
1374,43.9438
1375,43.9017
1376,43.8596
1377,43.8175
1378,43.7754
1379,43.7334
1380,43.6913
1381,43.6493
1382,43.6073
1383,43.5653
1384,43.5233
1385,43.4814
1386,43.4394
1387,43.3975
1388,43.3556
1389,43.3137
1390,43.2718
1391,43.2299
1392,43.1881
1393,43.1462
1394,43.1044
1395,43.0626
1396,43.0208
1397,42.979
1398,42.9373
1399,42.8955
1400,42.8538
1401,42.8121
1402,42.7704
1403,42.7288
1404,42.6871
1405,42.6455
1406,42.6038
1407,42.5622
1408,42.5206
1409,42.4791
1410,42.4375
1411,42.396
1412,42.3545
1413,42.313
1414,42.2715
1415,42.23
1416,42.1885
1417,42.1471
1418,42.1057
1419,42.0643
1420,42.0229
1421,41.9815
1422,41.9402
1423,41.8989
1424,41.8575
1425,41.8162
1426,41.775
1427,41.7337
1428,41.6924
1429,41.6512
1430,41.61
1431,41.5688
1432,41.5276
1433,41.4865
1434,41.4453
1435,41.4042
1436,41.3631
1437,41.322
1438,41.2809
1439,41.2399
1440,41.1988
1441,41.1578
1442,41.1168
1443,41.0758
1444,41.0349
1445,40.9939
1446,40.953
1447,40.9121
1448,40.8712
1449,40.8303
1450,40.7894
1451,40.7486
1452,40.7078
1453,40.667
1454,40.6262
1455,40.5854
1456,40.5446
1457,40.5039
1458,40.4632
1459,40.4225
1460,40.3818
1461,40.3412
1462,40.3005
1463,40.2599
1464,40.2193
1465,40.1787
1466,40.1381
1467,40.0976
1468,40.057
1469,40.0165
1470,39.976
1471,39.9356
1472,39.8951
1473,39.8546
1474,39.8142
1475,39.7738
1476,39.7334
1477,39.6931
1478,39.6527
1479,39.6124
1480,39.5721
1481,39.5318
1482,39.4915
1483,39.4512
1484,39.411
1485,39.3708
1486,39.3306
1487,39.2904
1488,39.2502
1489,39.2101
1490,39.17
1491,39.1299
1492,39.0898
1493,39.0497
1494,39.0097
1495,38.9696
1496,38.9296
1497,38.8896
1498,38.8497
1499,38.8097
1500,38.7698
1501,38.7298
1502,38.6899
1503,38.6501
1504,38.6102
1505,38.5704
1506,38.5305
1507,38.4907
1508,38.451
1509,38.4112
1510,38.3714
1511,38.3317
1512,38.292
1513,38.2523
1514,38.2126
1515,38.173
1516,38.1334
1517,38.0938
1518,38.0542
1519,38.0146
1520,37.975
1521,37.9355
1522,37.896
1523,37.8565
1524,37.817
1525,37.7776
1526,37.7381
1527,37.6987
1528,37.6593
1529,37.6199
1530,37.5806
1531,37.5412
1532,37.5019
1533,37.4626
1534,37.4233
1535,37.384
1536,37.3448
1537,37.3056
1538,37.2664
1539,37.2272
1540,37.188
1541,37.1489
1542,37.1098
1543,37.0707
1544,37.0316
1545,36.9925
1546,36.9535
1547,36.9144
1548,36.8754
1549,36.8364
1550,36.7975
1551,36.7585
1552,36.7196
1553,36.6807
1554,36.6418
1555,36.6029
1556,36.5641
1557,36.5252
1558,36.4864
1559,36.4476
1560,36.4089
1561,36.3701
1562,36.3314
1563,36.2927
1564,36.254
1565,36.2153
1566,36.1767
1567,36.138
1568,36.0994
1569,36.0608
1570,36.0223
1571,35.9837
1572,35.9452
1573,35.9067
1574,35.8682
1575,35.8297
1576,35.7913
1577,35.7528
1578,35.7144
1579,35.676
1580,35.6377
1581,35.5993
1582,35.561
1583,35.5227
1584,35.4844
1585,35.4461
1586,35.4079
1587,35.3696
1588,35.3314
1589,35.2932
1590,35.2551
1591,35.2169
1592,35.1788
1593,35.1407
1594,35.1026
1595,35.0645
1596,35.0265
1597,34.9885
1598,34.9505
1599,34.9125
1600,34.8745
1601,34.8366
1602,34.7986
1603,34.7607
1604,34.7229
1605,34.685
1606,34.6471
1607,34.6093
1608,34.5715
1609,34.5337
1610,34.496
1611,34.4582
1612,34.4205
1613,34.3828
1614,34.3451
1615,34.3075
1616,34.2698
1617,34.2322
1618,34.1946
1619,34.157
1620,34.1195
1621,34.082
1622,34.0444
1623,34.0069
1624,33.9695
1625,33.932
1626,33.8946
1627,33.8572
1628,33.8198
1629,33.7824
1630,33.7451
1631,33.7077
1632,33.6704
1633,33.6331
1634,33.5959
1635,33.5586
1636,33.5214
1637,33.4842
1638,33.447
1639,33.4098
1640,33.3727
1641,33.3356
1642,33.2985
1643,33.2614
1644,33.2243
1645,33.1873
1646,33.1503
1647,33.1133
1648,33.0763
1649,33.0393
1650,33.0024
1651,32.9655
1652,32.9286
1653,32.8917
1654,32.8548
1655,32.818
1656,32.7812
1657,32.7444
1658,32.7076
1659,32.6709
1660,32.6342
1661,32.5975
1662,32.5608
1663,32.5241
1664,32.4875
1665,32.4508
1666,32.4142
1667,32.3776
1668,32.3411
1669,32.3045
1670,32.268
1671,32.2315
1672,32.1951
1673,32.1586
1674,32.1222
1675,32.0857
1676,32.0494
1677,32.013
1678,31.9766
1679,31.9403
1680,31.904
1681,31.8677
1682,31.8314
1683,31.7952
1684,31.759
1685,31.7228
1686,31.6866
1687,31.6504
1688,31.6143
1689,31.5781
1690,31.542
1691,31.506
1692,31.4699
1693,31.4339
1694,31.3979
1695,31.3619
1696,31.3259
1697,31.2899
1698,31.254
1699,31.2181
1700,31.1822
1701,31.1463
1702,31.1105
1703,31.0747
1704,31.0389
1705,31.0031
1706,30.9673
1707,30.9316
1708,30.8959
1709,30.8602
1710,30.8245
1711,30.7888
1712,30.7532
1713,30.7176
1714,30.682
1715,30.6464
1716,30.6109
1717,30.5754
1718,30.5398
1719,30.5044
1720,30.4689
1721,30.4335
1722,30.398
1723,30.3626
1724,30.3273
1725,30.2919
1726,30.2566
1727,30.2212
1728,30.1859
1729,30.1507
1730,30.1154
1731,30.0802
1732,30.045
1733,30.0098
1734,29.9746
1735,29.9395
1736,29.9044
1737,29.8693
1738,29.8342
1739,29.7991
1740,29.7641
1741,29.7291
1742,29.6941
1743,29.6591
1744,29.6241
1745,29.5892
1746,29.5543
1747,29.5194
1748,29.4845
1749,29.4497
1750,29.4149
1751,29.3801
1752,29.3453
1753,29.3105
1754,29.2758
1755,29.2411
1756,29.2064
1757,29.1717
1758,29.137
1759,29.1024
1760,29.0678
1761,29.0332
1762,28.9986
1763,28.9641
1764,28.9296
1765,28.8951
1766,28.8606
1767,28.8261
1768,28.7917
1769,28.7573
1770,28.7229
1771,28.6885
1772,28.6541
1773,28.6198
1774,28.5855
1775,28.5512
1776,28.5169
1777,28.4827
1778,28.4485
1779,28.4143
1780,28.3801
1781,28.3459
1782,28.3118
1783,28.2777
1784,28.2436
1785,28.2095
1786,28.1755
1787,28.1414
1788,28.1074
1789,28.0734
1790,28.0395
1791,28.0055
1792,27.9716
1793,27.9377
1794,27.9038
1795,27.87
1796,27.8361
1797,27.8023
1798,27.7685
1799,27.7348
1800,27.701
