environment | time (s),PI3K | RP_percent (dimensionless)
0,0
1,1.07268
2,8.19489
3,20.2851
4,33.2409
5,44.8164
6,54.3769
7,62.0077
8,68.0169
9,72.733
10,76.4388
11,79.36
12,81.6708
13,83.5039
14,84.9601
15,86.1162
16,87.0305
17,87.7475
18,88.3014
19,88.7181
20,89.0174
21,89.214
22,89.3187
23,89.3393
24,89.2803
25,89.1443
26,88.9311
27,88.6386
28,88.2623
29,87.7952
30,87.2277
31,86.5472
32,85.7378
33,84.7805
34,83.6534
35,82.3332
36,80.7981
37,79.0328
38,77.0357
39,74.826
40,72.4483
41,69.9697
42,67.4702
43,65.0274
44,62.7047
45,60.5447
46,58.5703
47,56.7881
48,55.1939
49,53.7771
50,52.5237
51,51.4181
52,50.4451
53,49.5898
54,48.8387
55,48.1794
56,47.6006
57,47.0923
58,46.6459
59,46.2535
60,45.9083
61,45.6043
62,45.3363
63,45.0997
64,44.8905
65,44.7052
66,44.5407
67,44.3945
68,44.2641
69,44.1475
70,44.043
71,43.949
72,43.8642
73,43.7874
74,43.7175
75,43.6538
76,43.5954
77,43.5416
78,43.4918
79,43.4455
80,43.4023
81,43.3618
82,43.3236
83,43.2875
84,43.2531
85,43.2203
86,43.1889
87,43.1586
88,43.1293
89,43.1009
90,43.0734
91,43.0465
92,43.0202
93,42.9944
94,42.9691
95,42.9442
96,42.9196
97,42.8954
98,42.8714
99,42.8477
100,42.8241
101,42.8008
102,42.7776
103,42.7545
104,42.7316
105,42.7088
106,42.686
107,42.6634
108,42.6408
109,42.6184
110,42.5959
111,42.5736
112,42.5512
113,42.529
114,42.5067
115,42.4846
116,42.4624
117,42.4403
118,42.4182
119,42.3961
120,42.3741
121,42.3521
122,42.3301
123,42.3081
124,42.2862
125,42.2642
126,42.2423
127,42.2204
128,42.1986
129,42.1767
130,42.1549
131,42.133
132,42.1112
133,42.0895
134,42.0677
135,42.0459
136,42.0242
137,42.0025
138,41.9808
139,41.9591
140,41.9374
141,41.9157
142,41.8941
143,41.8724
144,41.8508
145,41.8292
146,41.8076
147,41.786
148,41.7645
149,41.7429
150,41.7214
151,41.6999
152,41.6784
153,41.6569
154,41.6354
155,41.6139
156,41.5925
157,41.5711
158,41.5496
159,41.5282
160,41.5068
161,41.4855
162,41.4641
163,41.4427
164,41.4214
165,41.4001
166,41.3788
167,41.3575
168,41.3362
169,41.3149
170,41.2937
171,41.2724
172,41.2512
173,41.23
174,41.2088
175,41.1876
176,41.1665
177,41.1453
178,41.1242
179,41.103
180,41.0819
181,41.0608
182,41.0397
183,41.0187
184,40.9976
185,40.9765
186,40.9555
187,40.9345
188,40.9135
189,40.8925
190,40.8715
191,40.8506
192,40.8296
193,40.8087
194,40.7877
195,40.7668
196,40.7459
197,40.7251
198,40.7042
199,40.6833
200,40.6625
201,40.6417
202,40.6208
203,40.6
204,40.5793
205,40.5585
206,40.5377
207,40.517
208,40.4962
209,40.4755
210,40.4548
211,40.4341
212,40.4134
213,40.3928
214,40.3721
215,40.3515
216,40.3308
217,40.3102
218,40.2896
219,40.269
220,40.2485
221,40.2279
222,40.2074
223,40.1868
224,40.1663
225,40.1458
226,40.1253
227,40.1048
228,40.0844
229,40.0639
230,40.0435
231,40.023
232,40.0026
233,39.9822
234,39.9618
235,39.9415
236,39.9211
237,39.9007
238,39.8804
239,39.8601
240,39.8398
241,39.8195
242,39.7992
243,39.7789
244,39.7587
245,39.7384
246,39.7182
247,39.698
248,39.6778
249,39.6576
250,39.6374
251,39.6172
252,39.5971
253,39.5769
254,39.5568
255,39.5367
256,39.5166
257,39.4965
258,39.4764
259,39.4564
260,39.4363
261,39.4163
262,39.3963
263,39.3763
264,39.3563
265,39.3363
266,39.3163
267,39.2963
268,39.2764
269,39.2565
270,39.2365
271,39.2166
272,39.1967
273,39.1768
274,39.157
275,39.1371
276,39.1173
277,39.0974
278,39.0776
279,39.0578
280,39.038
281,39.0182
282,38.9985
283,38.9787
284,38.959
285,38.9392
286,38.9195
287,38.8998
288,38.8801
289,38.8604
290,38.8408
291,38.8211
292,38.8015
293,38.7818
294,38.7622
295,38.7426
296,38.723
297,38.7034
298,38.6839
299,38.6643
300,38.6448
301,38.6253
302,38.6057
303,38.5862
304,38.5667
305,38.5473
306,38.5278
307,38.5083
308,38.4889
309,38.4695
310,38.45
311,38.4306
312,38.4112
313,38.3919
314,38.3725
315,38.3531
316,38.3338
317,38.3145
318,38.2951
319,38.2758
320,38.2565
321,38.2373
322,38.218
323,38.1987
324,38.1795
325,38.1602
326,38.141
327,38.1218
328,38.1026
329,38.0834
330,38.0643
331,38.0451
332,38.0259
333,38.0068
334,37.9877
335,37.9686
336,37.9495
337,37.9304
338,37.9113
339,37.8922
340,37.8732
341,37.8542
342,37.8351
343,37.8161
344,37.7971
345,37.7781
346,37.7591
347,37.7402
348,37.7212
349,37.7023
350,37.6833
351,37.6644
352,37.6455
353,37.6266
354,37.6077
355,37.5889
356,37.57
357,37.5512
358,37.5323
359,37.5135
360,37.4947
361,37.4759
362,37.4571
363,37.4383
364,37.4196
365,37.4008
366,37.3821
367,37.3633
368,37.3446
369,37.3259
370,37.3072
371,37.2885
372,37.2699
373,37.2512
374,37.2326
375,37.2139
376,37.1953
377,37.1767
378,37.1581
379,37.1395
380,37.1209
381,37.1024
382,37.0838
383,37.0653
384,37.0467
385,37.0282
386,37.0097
387,36.9912
388,36.9727
389,36.9543
390,36.9358
391,36.9174
392,36.8989
393,36.8805
394,36.8621
395,36.8437
396,36.8253
397,36.8069
398,36.7886
399,36.7702
400,36.7519
401,36.7335
402,36.7152
403,36.6969
404,36.6786
405,36.6603
406,36.642
407,36.6238
408,36.6055
409,36.5873
410,36.569
411,36.5508
412,36.5326
413,36.5144
414,36.4962
415,36.4781
416,36.4599
417,36.4418
418,36.4236
419,36.4055
420,36.3874
421,36.3693
422,36.3512
423,36.3331
424,36.315
425,36.297
426,36.2789
427,36.2609
428,36.2429
429,36.2249
430,36.2069
431,36.1889
432,36.1709
433,36.1529
434,36.135
435,36.117
436,36.0991
437,36.0812
438,36.0632
439,36.0453
440,36.0274
441,36.0096
442,35.9917
443,35.9738
444,35.956
445,35.9382
446,35.9203
447,35.9025
448,35.8847
449,35.8669
450,35.8492
451,35.8314
452,35.8136
453,35.7959
454,35.7782
455,35.7604
456,35.7427
457,35.725
458,35.7073
459,35.6896
460,35.672
461,35.6543
462,35.6367
463,35.619
464,35.6014
465,35.5838
466,35.5662
467,35.5486
468,35.531
469,35.5134
470,35.4959
471,35.4783
472,35.4608
473,35.4433
474,35.4258
475,35.4083
476,35.3908
477,35.3733
478,35.3558
479,35.3383
480,35.3209
481,35.3034
482,35.286
483,35.2686
484,35.2512
485,35.2338
486,35.2164
487,35.199
488,35.1817
489,35.1643
490,35.147
491,35.1296
492,35.1123
493,35.095
494,35.0777
495,35.0604
496,35.0431
497,35.0259
498,35.0086
499,34.9914
500,34.9741
501,34.9569
502,34.9397
503,34.9225
504,34.9053
505,34.8881
506,34.8709
507,34.8538
508,34.8366
509,34.8195
510,34.8024
511,34.7852
512,34.7681
513,34.751
514,34.7339
515,34.7169
516,34.6998
517,34.6827
518,34.6657
519,34.6487
520,34.6316
521,34.6146
522,34.5976
523,34.5806
524,34.5636
525,34.5467
526,34.5297
527,34.5128
528,34.4958
529,34.4789
530,34.462
531,34.4451
532,34.4282
533,34.4113
534,34.3944
535,34.3775
536,34.3607
537,34.3438
538,34.327
539,34.3101
540,34.2933
541,34.2765
542,34.2597
543,34.2429
544,34.2262
545,34.2094
546,34.1926
547,34.1759
548,34.1592
549,34.1424
550,34.1257
551,34.109
552,34.0923
553,34.0756
554,34.059
555,34.0423
556,34.0257
557,34.009
558,33.9924
559,33.9758
560,33.9592
561,33.9425
562,33.926
563,33.9094
564,33.8928
565,33.8762
566,33.8597
567,33.8432
568,33.8266
569,33.8101
570,33.7936
571,33.7771
572,33.7606
573,33.7441
574,33.7276
575,33.7112
576,33.6947
577,33.6783
578,33.6619
579,33.6454
580,33.629
581,33.6126
582,33.5962
583,33.5799
584,33.5635
585,33.5471
586,33.5308
587,33.5144
588,33.4981
589,33.4818
590,33.4655
591,33.4492
592,33.4329
593,33.4166
594,33.4003
595,33.3841
596,33.3678
597,33.3516
598,33.3354
599,33.3191
600,33.3029
601,33.2867
602,33.2705
603,33.2544
604,33.2382
605,33.222
606,33.2059
607,33.1897
608,33.1736
609,33.1575
610,33.1414
611,33.1253
612,33.1092
613,33.0931
614,33.077
615,33.0609
616,33.0449
617,33.0288
618,33.0128
619,32.9968
620,32.9808
621,32.9648
622,32.9488
623,32.9328
624,32.9168
625,32.9008
626,32.8849
627,32.8689
628,32.853
629,32.8371
630,32.8211
631,32.8052
632,32.7893
633,32.7734
634,32.7576
635,32.7417
636,32.7258
637,32.71
638,32.6941
639,32.6783
640,32.6625
641,32.6467
642,32.6309
643,32.6151
644,32.5993
645,32.5835
646,32.5677
647,32.552
648,32.5362
649,32.5205
650,32.5048
651,32.489
652,32.4733
653,32.4576
654,32.442
655,32.4263
656,32.4106
657,32.3949
658,32.3793
659,32.3636
660,32.348
661,32.3324
662,32.3168
663,32.3012
664,32.2856
665,32.27
666,32.2544
667,32.2388
668,32.2233
669,32.2077
670,32.1922
671,32.1767
672,32.1611
673,32.1456
674,32.1301
675,32.1146
676,32.0992
677,32.0837
678,32.0682
679,32.0528
680,32.0373
681,32.0219
682,32.0064
683,31.991
684,31.9756
685,31.9602
686,31.9448
687,31.9294
688,31.9141
689,31.8987
690,31.8834
691,31.868
692,31.8527
693,31.8374
694,31.822
695,31.8067
696,31.7914
697,31.7761
698,31.7609
699,31.7456
700,31.7303
701,31.7151
702,31.6998
703,31.6846
704,31.6694
705,31.6542
706,31.6389
707,31.6237
708,31.6086
709,31.5934
710,31.5782
711,31.563
712,31.5479
713,31.5327
714,31.5176
715,31.5025
716,31.4874
717,31.4723
718,31.4572
719,31.4421
720,31.427
721,31.4119
722,31.3969
723,31.3818
724,31.3668
725,31.3517
726,31.3367
727,31.3217
728,31.3067
729,31.2917
730,31.2767
731,31.2617
732,31.2467
733,31.2318
734,31.2168
735,31.2019
736,31.1869
737,31.172
738,31.1571
739,31.1422
740,31.1273
741,31.1124
742,31.0975
743,31.0826
744,31.0677
745,31.0529
746,31.038
747,31.0232
748,31.0084
749,30.9935
750,30.9787
751,30.9639
752,30.9491
753,30.9343
754,30.9196
755,30.9048
756,30.89
757,30.8753
758,30.8605
759,30.8458
760,30.8311
761,30.8164
762,30.8017
763,30.787
764,30.7723
765,30.7576
766,30.7429
767,30.7282
768,30.7136
769,30.6989
770,30.6843
771,30.6697
772,30.655
773,30.6404
774,30.6258
775,30.6112
776,30.5966
777,30.5821
778,30.5675
779,30.5529
780,30.5384
781,30.5238
782,30.5093
783,30.4948
784,30.4803
785,30.4658
786,30.4513
787,30.4368
788,30.4223
789,30.4078
790,30.3933
791,30.3789
792,30.3644
793,30.35
794,30.3356
795,30.3211
796,30.3067
797,30.2923
798,30.2779
799,30.2635
800,30.2491
801,30.2348
802,30.2204
803,30.206
804,30.1917
805,30.1774
806,30.163
807,30.1487
808,30.1344
809,30.1201
810,30.1058
811,30.0915
812,30.0772
813,30.0629
814,30.0487
815,30.0344
816,30.0202
817,30.0059
818,29.9917
819,29.9775
820,29.9633
821,29.9491
822,29.9349
823,29.9207
824,29.9065
825,29.8923
826,29.8782
827,29.864
828,29.8499
829,29.8357
830,29.8216
831,29.8075
832,29.7934
833,29.7793
834,29.7652
835,29.7511
836,29.737
837,29.7229
838,29.7089
839,29.6948
840,29.6808
841,29.6667
842,29.6527
843,29.6387
844,29.6247
845,29.6106
846,29.5967
847,29.5827
848,29.5687
849,29.5547
850,29.5407
851,29.5268
852,29.5128
853,29.4989
854,29.485
855,29.471
856,29.4571
857,29.4432
858,29.4293
859,29.4154
860,29.4015
861,29.3877
862,29.3738
863,29.3599
864,29.3461
865,29.3322
866,29.3184
867,29.3046
868,29.2908
869,29.277
870,29.2631
871,29.2494
872,29.2356
873,29.2218
874,29.208
875,29.1943
876,29.1805
877,29.1668
878,29.153
879,29.1393
880,29.1256
881,29.1118
882,29.0981
883,29.0844
884,29.0708
885,29.0571
886,29.0434
887,29.0297
888,29.0161
889,29.0024
890,28.9888
891,28.9751
892,28.9615
893,28.9479
894,28.9343
895,28.9207
896,28.9071
897,28.8935
898,28.8799
899,28.8664
900,28.8528
901,28.8392
902,28.8257
903,28.8121
904,28.7986
905,28.7851
906,28.7716
907,28.7581
908,28.7446
909,28.7311
910,28.7176
911,28.7041
912,28.6906
913,28.6772
914,28.6637
915,28.6503
916,28.6368
917,28.6234
918,28.61
919,28.5966
920,28.5832
921,28.5698
922,28.5564
923,28.543
924,28.5296
925,28.5162
926,28.5029
927,28.4895
928,28.4762
929,28.4628
930,28.4495
931,28.4362
932,28.4229
933,28.4096
934,28.3963
935,28.383
936,28.3697
937,28.3564
938,28.3432
939,28.3299
940,28.3166
941,28.3034
942,28.2902
943,28.2769
944,28.2637
945,28.2505
946,28.2373
947,28.2241
948,28.2109
949,28.1977
950,28.1845
951,28.1714
952,28.1582
953,28.1451
954,28.1319
955,28.1188
956,28.1056
957,28.0925
958,28.0794
959,28.0663
960,28.0532
961,28.0401
962,28.027
963,28.0139
964,28.0009
965,27.9878
966,27.9747
967,27.9617
968,27.9487
969,27.9356
970,27.9226
971,27.9096
972,27.8966
973,27.8836
974,27.8706
975,27.8576
976,27.8446
977,27.8316
978,27.8187
979,27.8057
980,27.7927
981,27.7798
982,27.7669
983,27.7539
984,27.741
985,27.7281
986,27.7152
987,27.7023
988,27.6894
989,27.6765
990,27.6636
991,27.6508
992,27.6379
993,27.6251
994,27.6122
995,27.5994
996,27.5865
997,27.5737
998,27.5609
999,27.5481
1000,27.5353
1001,27.5225
1002,27.5097
1003,27.4969
1004,27.4841
1005,27.4714
1006,27.4586
1007,27.4459
1008,27.4331
1009,27.4204
1010,27.4077
1011,27.3949
1012,27.3822
1013,27.3695
1014,27.3568
1015,27.3441
1016,27.3314
1017,27.3188
1018,27.3061
1019,27.2934
1020,27.2808
1021,27.2681
1022,27.2555
1023,27.2428
1024,27.2302
1025,27.2176
1026,27.205
1027,27.1924
1028,27.1798
1029,27.1672
1030,27.1546
1031,27.142
1032,27.1294
1033,27.1169
1034,27.1043
1035,27.0918
1036,27.0792
1037,27.0667
1038,27.0542
1039,27.0416
1040,27.0291
1041,27.0166
1042,27.0041
1043,26.9916
1044,26.9791
1045,26.9667
1046,26.9542
1047,26.9417
1048,26.9293
1049,26.9168
1050,26.9044
1051,26.8919
1052,26.8795
1053,26.8671
1054,26.8547
1055,26.8423
1056,26.8299
1057,26.8175
1058,26.8051
1059,26.7927
1060,26.7803
1061,26.768
1062,26.7556
1063,26.7433
1064,26.7309
1065,26.7186
1066,26.7062
1067,26.6939
1068,26.6816
1069,26.6693
1070,26.657
1071,26.6447
1072,26.6324
1073,26.6201
1074,26.6079
1075,26.5956
1076,26.5833
1077,26.5711
1078,26.5588
1079,26.5466
1080,26.5344
1081,26.5221
1082,26.5099
1083,26.4977
1084,26.4855
1085,26.4733
1086,26.4611
1087,26.4489
1088,26.4367
1089,26.4246
1090,26.4124
1091,26.4003
1092,26.3881
1093,26.376
1094,26.3638
1095,26.3517
1096,26.3396
1097,26.3275
1098,26.3153
1099,26.3032
1100,26.2911
1101,26.2791
1102,26.267
1103,26.2549
1104,26.2428
1105,26.2308
1106,26.2187
1107,26.2067
1108,26.1946
1109,26.1826
1110,26.1706
1111,26.1586
1112,26.1465
1113,26.1345
1114,26.1225
1115,26.1105
1116,26.0986
1117,26.0866
1118,26.0746
1119,26.0626
1120,26.0507
1121,26.0387
1122,26.0268
1123,26.0148
1124,26.0029
1125,25.991
1126,25.9791
1127,25.9671
1128,25.9552
1129,25.9433
1130,25.9315
1131,25.9196
1132,25.9077
1133,25.8958
1134,25.8839
1135,25.8721
1136,25.8602
1137,25.8484
1138,25.8366
1139,25.8247
1140,25.8129
1141,25.8011
1142,25.7893
1143,25.7775
1144,25.7657
1145,25.7539
1146,25.7421
1147,25.7303
1148,25.7185
1149,25.7068
1150,25.695
1151,25.6833
1152,25.6715
1153,25.6598
1154,25.648
1155,25.6363
1156,25.6246
1157,25.6129
1158,25.6012
1159,25.5895
1160,25.5778
1161,25.5661
1162,25.5544
1163,25.5427
1164,25.5311
1165,25.5194
1166,25.5077
1167,25.4961
1168,25.4845
1169,25.4728
1170,25.4612
1171,25.4496
1172,25.438
1173,25.4264
1174,25.4147
1175,25.4032
1176,25.3916
1177,25.38
1178,25.3684
1179,25.3568
1180,25.3453
1181,25.3337
1182,25.3222
1183,25.3106
1184,25.2991
1185,25.2876
1186,25.276
1187,25.2645
1188,25.253
1189,25.2415
1190,25.23
1191,25.2185
1192,25.207
1193,25.1955
1194,25.1841
1195,25.1726
1196,25.1611
1197,25.1497
1198,25.1382
1199,25.1268
1200,25.1154
1201,25.1039
1202,25.0925
1203,25.0811
1204,25.0697
1205,25.0583
1206,25.0469
1207,25.0355
1208,25.0241
1209,25.0127
1210,25.0014
1211,24.99
1212,24.9786
1213,24.9673
1214,24.9559
1215,24.9446
1216,24.9333
1217,24.9219
1218,24.9106
1219,24.8993
1220,24.888
1221,24.8767
1222,24.8654
1223,24.8541
1224,24.8428
1225,24.8315
1226,24.8203
1227,24.809
1228,24.7977
1229,24.7865
1230,24.7752
1231,24.764
1232,24.7528
1233,24.7415
1234,24.7303
1235,24.7191
1236,24.7079
1237,24.6967
1238,24.6855
1239,24.6743
1240,24.6631
1241,24.6519
1242,24.6408
1243,24.6296
1244,24.6185
1245,24.6073
1246,24.5962
1247,24.585
1248,24.5739
1249,24.5627
1250,24.5516
1251,24.5405
1252,24.5294
1253,24.5183
1254,24.5072
1255,24.4961
1256,24.485
1257,24.4739
1258,24.4629
1259,24.4518
1260,24.4407
1261,24.4297
1262,24.4186
1263,24.4076
1264,24.3966
1265,24.3855
1266,24.3745
1267,24.3635
1268,24.3525
1269,24.3415
1270,24.3305
1271,24.3195
1272,24.3085
1273,24.2975
1274,24.2865
1275,24.2756
1276,24.2646
1277,24.2536
1278,24.2427
1279,24.2318
1280,24.2208
1281,24.2099
1282,24.199
1283,24.188
1284,24.1771
1285,24.1662
1286,24.1553
1287,24.1444
1288,24.1335
1289,24.1226
1290,24.1118
1291,24.1009
1292,24.09
1293,24.0792
1294,24.0683
1295,24.0574
1296,24.0466
1297,24.0358
1298,24.0249
1299,24.0141
1300,24.0033
1301,23.9925
1302,23.9817
1303,23.9709
1304,23.9601
1305,23.9493
1306,23.9385
1307,23.9277
1308,23.9169
1309,23.9062
1310,23.8954
1311,23.8847
1312,23.8739
1313,23.8632
1314,23.8524
1315,23.8417
1316,23.831
1317,23.8203
1318,23.8096
1319,23.7988
1320,23.7881
1321,23.7775
1322,23.7668
1323,23.7561
1324,23.7454
1325,23.7347
1326,23.7241
1327,23.7134
1328,23.7027
1329,23.6921
1330,23.6815
1331,23.6708
1332,23.6602
1333,23.6496
1334,23.6389
1335,23.6283
1336,23.6177
1337,23.6071
1338,23.5965
1339,23.5859
1340,23.5754
1341,23.5648
1342,23.5542
1343,23.5436
1344,23.5331
1345,23.5225
1346,23.512
1347,23.5014
1348,23.4909
1349,23.4804
1350,23.4698
1351,23.4593
1352,23.4488
1353,23.4383
1354,23.4278
1355,23.4173
1356,23.4068
1357,23.3963
1358,23.3858
1359,23.3753
1360,23.3649
1361,23.3544
1362,23.3439
1363,23.3335
1364,23.323
1365,23.3126
1366,23.3022
1367,23.2917
1368,23.2813
1369,23.2709
1370,23.2605
1371,23.2501
1372,23.2397
1373,23.2293
1374,23.2189
1375,23.2085
1376,23.1981
1377,23.1878
1378,23.1774
1379,23.167
1380,23.1567
1381,23.1463
1382,23.136
1383,23.1256
1384,23.1153
1385,23.105
1386,23.0947
1387,23.0843
1388,23.074
1389,23.0637
1390,23.0534
1391,23.0431
1392,23.0328
1393,23.0226
1394,23.0123
1395,23.002
1396,22.9917
1397,22.9815
1398,22.9712
1399,22.961
1400,22.9507
1401,22.9405
1402,22.9303
1403,22.92
1404,22.9098
1405,22.8996
1406,22.8894
1407,22.8792
1408,22.869
1409,22.8588
1410,22.8486
1411,22.8384
1412,22.8282
1413,22.8181
1414,22.8079
1415,22.7977
1416,22.7876
1417,22.7774
1418,22.7673
1419,22.7571
1420,22.747
1421,22.7369
1422,22.7268
1423,22.7166
1424,22.7065
1425,22.6964
1426,22.6863
1427,22.6762
1428,22.6661
1429,22.6561
1430,22.646
1431,22.6359
1432,22.6258
1433,22.6158
1434,22.6057
1435,22.5957
1436,22.5856
1437,22.5756
1438,22.5655
1439,22.5555
1440,22.5455
1441,22.5355
1442,22.5255
1443,22.5154
1444,22.5054
1445,22.4954
1446,22.4855
1447,22.4755
1448,22.4655
1449,22.4555
1450,22.4455
1451,22.4356
1452,22.4256
1453,22.4157
1454,22.4057
1455,22.3958
1456,22.3858
1457,22.3759
1458,22.366
1459,22.356
1460,22.3461
1461,22.3362
1462,22.3263
1463,22.3164
1464,22.3065
1465,22.2966
1466,22.2867
1467,22.2769
1468,22.267
1469,22.2571
1470,22.2472
1471,22.2374
1472,22.2275
1473,22.2177
1474,22.2078
1475,22.198
1476,22.1882
1477,22.1784
1478,22.1685
1479,22.1587
1480,22.1489
1481,22.1391
1482,22.1293
1483,22.1195
1484,22.1097
1485,22.0999
1486,22.0901
1487,22.0804
1488,22.0706
1489,22.0608
1490,22.0511
1491,22.0413
1492,22.0316
1493,22.0218
1494,22.0121
1495,22.0024
1496,21.9926
1497,21.9829
1498,21.9732
1499,21.9635
1500,21.9538
1501,21.9441
1502,21.9344
1503,21.9247
1504,21.915
1505,21.9053
1506,21.8957
1507,21.886
1508,21.8763
1509,21.8667
1510,21.857
1511,21.8474
1512,21.8377
1513,21.8281
1514,21.8184
1515,21.8088
1516,21.7992
1517,21.7896
1518,21.78
1519,21.7704
1520,21.7608
1521,21.7512
1522,21.7416
1523,21.732
1524,21.7224
1525,21.7128
1526,21.7032
1527,21.6937
1528,21.6841
1529,21.6746
1530,21.665
1531,21.6555
1532,21.6459
1533,21.6364
1534,21.6269
1535,21.6173
1536,21.6078
1537,21.5983
1538,21.5888
1539,21.5793
1540,21.5698
1541,21.5603
1542,21.5508
1543,21.5413
1544,21.5318
1545,21.5223
1546,21.5129
1547,21.5034
1548,21.4939
1549,21.4845
1550,21.475
1551,21.4656
1552,21.4562
1553,21.4467
1554,21.4373
1555,21.4279
1556,21.4184
1557,21.409
1558,21.3996
1559,21.3902
1560,21.3808
1561,21.3714
1562,21.362
1563,21.3526
1564,21.3433
1565,21.3339
1566,21.3245
1567,21.3151
1568,21.3058
1569,21.2964
1570,21.2871
1571,21.2777
1572,21.2684
1573,21.2591
1574,21.2497
1575,21.2404
1576,21.2311
1577,21.2218
1578,21.2125
1579,21.2032
1580,21.1939
1581,21.1846
1582,21.1753
1583,21.166
1584,21.1567
1585,21.1474
1586,21.1382
1587,21.1289
1588,21.1196
1589,21.1104
1590,21.1011
1591,21.0919
1592,21.0826
1593,21.0734
1594,21.0642
1595,21.0549
1596,21.0457
1597,21.0365
1598,21.0273
1599,21.0181
1600,21.0089
1601,20.9997
1602,20.9905
1603,20.9813
1604,20.9721
1605,20.9629
1606,20.9538
1607,20.9446
1608,20.9354
1609,20.9263
1610,20.9171
1611,20.908
1612,20.8988
1613,20.8897
1614,20.8805
1615,20.8714
1616,20.8623
1617,20.8532
1618,20.8441
1619,20.8349
1620,20.8258
1621,20.8167
1622,20.8076
1623,20.7985
1624,20.7895
1625,20.7804
1626,20.7713
1627,20.7622
1628,20.7532
1629,20.7441
1630,20.735
1631,20.726
1632,20.7169
1633,20.7079
1634,20.6989
1635,20.6898
1636,20.6808
1637,20.6718
1638,20.6628
1639,20.6537
1640,20.6447
1641,20.6357
1642,20.6267
1643,20.6177
1644,20.6087
1645,20.5997
1646,20.5908
1647,20.5818
1648,20.5728
1649,20.5638
1650,20.5549
1651,20.5459
1652,20.537
1653,20.528
1654,20.5191
1655,20.5101
1656,20.5012
1657,20.4923
1658,20.4834
1659,20.4744
1660,20.4655
1661,20.4566
1662,20.4477
1663,20.4388
1664,20.4299
1665,20.421
1666,20.4121
1667,20.4032
1668,20.3944
1669,20.3855
1670,20.3766
1671,20.3677
1672,20.3589
1673,20.35
1674,20.3412
1675,20.3323
1676,20.3235
1677,20.3147
1678,20.3058
1679,20.297
1680,20.2882
1681,20.2794
1682,20.2705
1683,20.2617
1684,20.2529
1685,20.2441
1686,20.2353
1687,20.2265
1688,20.2178
1689,20.209
1690,20.2002
1691,20.1914
1692,20.1827
1693,20.1739
1694,20.1651
1695,20.1564
1696,20.1476
1697,20.1389
1698,20.1302
1699,20.1214
1700,20.1127
1701,20.104
1702,20.0952
1703,20.0865
1704,20.0778
1705,20.0691
1706,20.0604
1707,20.0517
1708,20.043
1709,20.0343
1710,20.0256
1711,20.0169
1712,20.0083
1713,19.9996
1714,19.9909
1715,19.9823
1716,19.9736
1717,19.965
1718,19.9563
1719,19.9477
1720,19.939
1721,19.9304
1722,19.9218
1723,19.9131
1724,19.9045
1725,19.8959
1726,19.8873
1727,19.8787
1728,19.8701
1729,19.8615
1730,19.8529
1731,19.8443
1732,19.8357
1733,19.8271
1734,19.8185
1735,19.81
1736,19.8014
1737,19.7928
1738,19.7843
1739,19.7757
1740,19.7672
1741,19.7586
1742,19.7501
1743,19.7415
1744,19.733
1745,19.7245
1746,19.716
1747,19.7074
1748,19.6989
1749,19.6904
1750,19.6819
1751,19.6734
1752,19.6649
1753,19.6564
1754,19.6479
1755,19.6394
1756,19.631
1757,19.6225
1758,19.614
1759,19.6055
1760,19.5971
1761,19.5886
1762,19.5802
1763,19.5717
1764,19.5633
1765,19.5548
1766,19.5464
1767,19.538
1768,19.5295
1769,19.5211
1770,19.5127
1771,19.5043
1772,19.4959
1773,19.4875
1774,19.4791
1775,19.4707
1776,19.4623
1777,19.4539
1778,19.4455
1779,19.4371
1780,19.4288
1781,19.4204
1782,19.412
1783,19.4037
1784,19.3953
1785,19.387
1786,19.3786
1787,19.3703
1788,19.3619
1789,19.3536
1790,19.3453
1791,19.3369
1792,19.3286
1793,19.3203
1794,19.312
1795,19.3037
1796,19.2954
1797,19.2871
1798,19.2788
1799,19.2705
1800,19.2622
