environment | time (s),MEK | MEKPP_percent (dimensionless)
0,0
1,4.47757e-11
2,9.17118e-8
3,4.23486e-6
4,5.15202e-5
5,0.000318812
6,0.0013103
7,0.00409589
8,0.0105317
9,0.0233988
10,0.0464179
11,0.0841236
12,0.14161
13,0.224183
14,0.336974
15,0.484575
16,0.670752
17,0.898278
18,1.16891
19,1.48349
20,1.84209
21,2.2442
22,2.68891
23,3.17493
24,3.70075
25,4.26462
26,4.86467
27,5.49887
28,6.16512
29,6.86127
30,7.58515
31,8.33458
32,9.10741
33,9.90154
34,10.7149
35,11.5455
36,12.3915
37,13.251
38,14.1224
39,15.004
40,15.8943
41,16.7919
42,17.6955
43,18.6038
44,19.5157
45,20.4299
46,21.3456
47,22.2616
48,23.1771
49,24.0911
50,25.003
51,25.9118
52,26.8169
53,27.7177
54,28.6134
55,29.5036
56,30.3876
57,31.265
58,32.1353
59,32.9982
60,33.8531
61,34.6997
62,35.5378
63,36.3669
64,37.1869
65,37.9974
66,38.7983
67,39.5893
68,40.3702
69,41.1409
70,41.9013
71,42.6512
72,43.3906
73,44.1192
74,44.8371
75,45.5442
76,46.2405
77,46.9259
78,47.6003
79,48.2639
80,48.9166
81,49.5583
82,50.1893
83,50.8093
84,51.4186
85,52.0171
86,52.605
87,53.1822
88,53.7488
89,54.305
90,54.8508
91,55.3862
92,55.9115
93,56.4265
94,56.9316
95,57.4267
96,57.912
97,58.3876
98,58.8535
99,59.31
100,59.7571
101,60.1949
102,60.6236
103,61.0432
104,61.4539
105,61.8559
106,62.2492
107,62.6339
108,63.0102
109,63.3782
110,63.738
111,64.0898
112,64.4337
113,64.7697
114,65.0981
115,65.4189
116,65.7323
117,66.0383
118,66.3371
119,66.6289
120,66.9137
121,67.1916
122,67.4628
123,67.7273
124,67.9854
125,68.237
126,68.4824
127,68.7215
128,68.9546
129,69.1818
130,69.403
131,69.6185
132,69.8284
133,70.0327
134,70.2315
135,70.4249
136,70.6131
137,70.7961
138,70.974
139,71.147
140,71.315
141,71.4782
142,71.6367
143,71.7905
144,71.9398
145,72.0846
146,72.225
147,72.3611
148,72.493
149,72.6206
150,72.7442
151,72.8638
152,72.9794
153,73.0912
154,73.1991
155,73.3033
156,73.4038
157,73.5008
158,73.5941
159,73.684
160,73.7705
161,73.8536
162,73.9335
163,74.01
164,74.0834
165,74.1537
166,74.2209
167,74.285
168,74.3462
169,74.4045
170,74.4599
171,74.5124
172,74.5622
173,74.6093
174,74.6537
175,74.6955
176,74.7346
177,74.7712
178,74.8054
179,74.837
180,74.8662
181,74.893
182,74.9175
183,74.9397
184,74.9596
185,74.9773
186,74.9927
187,75.006
188,75.0172
189,75.0263
190,75.0333
191,75.0383
192,75.0412
193,75.0422
194,75.0413
195,75.0384
196,75.0337
197,75.0271
198,75.0187
199,75.0085
200,74.9965
201,74.9827
202,74.9673
203,74.9501
204,74.9313
205,74.9108
206,74.8887
207,74.865
208,74.8397
209,74.8129
210,74.7845
211,74.7546
212,74.7232
213,74.6903
214,74.656
215,74.6202
216,74.5831
217,74.5445
218,74.5045
219,74.4632
220,74.4206
221,74.3766
222,74.3313
223,74.2847
224,74.2368
225,74.1877
226,74.1374
227,74.0858
228,74.033
229,73.979
230,73.9238
231,73.8674
232,73.8099
233,73.7512
234,73.6915
235,73.6306
236,73.5686
237,73.5055
238,73.4413
239,73.3761
240,73.3098
241,73.2425
242,73.1741
243,73.1048
244,73.0344
245,72.963
246,72.8907
247,72.8174
248,72.7431
249,72.6679
250,72.5917
251,72.5146
252,72.4366
253,72.3577
254,72.2779
255,72.1972
256,72.1156
257,72.0331
258,71.9498
259,71.8656
260,71.7806
261,71.6947
262,71.608
263,71.5205
264,71.4322
265,71.3431
266,71.2532
267,71.1625
268,71.071
269,70.9788
270,70.8858
271,70.792
272,70.6975
273,70.6022
274,70.5063
275,70.4096
276,70.3121
277,70.214
278,70.1152
279,70.0157
280,69.9154
281,69.8145
282,69.713
283,69.6107
284,69.5078
285,69.4042
286,69.3
287,69.1952
288,69.0897
289,68.9836
290,68.8768
291,68.7694
292,68.6615
293,68.5529
294,68.4437
295,68.3339
296,68.2236
297,68.1126
298,68.0011
299,67.889
300,67.7763
301,67.6631
302,67.5493
303,67.435
304,67.3201
305,67.2047
306,67.0887
307,66.9723
308,66.8553
309,66.7378
310,66.6197
311,66.5012
312,66.3822
313,66.2626
314,66.1426
315,66.0221
316,65.9011
317,65.7796
318,65.6577
319,65.5353
320,65.4124
321,65.2891
322,65.1653
323,65.0411
324,64.9164
325,64.7913
326,64.6658
327,64.5398
328,64.4134
329,64.2866
330,64.1594
331,64.0318
332,63.9037
333,63.7753
334,63.6464
335,63.5172
336,63.3876
337,63.2576
338,63.1272
339,62.9964
340,62.8653
341,62.7338
342,62.6019
343,62.4697
344,62.3372
345,62.2042
346,62.071
347,61.9374
348,61.8034
349,61.6692
350,61.5346
351,61.3996
352,61.2644
353,61.1288
354,60.9929
355,60.8568
356,60.7203
357,60.5835
358,60.4464
359,60.309
360,60.1714
361,60.0334
362,59.8952
363,59.7567
364,59.6179
365,59.4789
366,59.3396
367,59.2
368,59.0602
369,58.9201
370,58.7798
371,58.6392
372,58.4984
373,58.3574
374,58.2161
375,58.0746
376,57.9328
377,57.7909
378,57.6487
379,57.5063
380,57.3637
381,57.2209
382,57.0779
383,56.9347
384,56.7913
385,56.6477
386,56.5039
387,56.3599
388,56.2157
389,56.0714
390,55.9269
391,55.7822
392,55.6373
393,55.4923
394,55.3471
395,55.2018
396,55.0563
397,54.9107
398,54.7649
399,54.619
400,54.4729
401,54.3267
402,54.1803
403,54.0339
404,53.8873
405,53.7406
406,53.5937
407,53.4468
408,53.2997
409,53.1525
410,53.0053
411,52.8579
412,52.7104
413,52.5628
414,52.4151
415,52.2674
416,52.1195
417,51.9716
418,51.8236
419,51.6755
420,51.5273
421,51.3791
422,51.2308
423,51.0825
424,50.934
425,50.7856
426,50.637
427,50.4884
428,50.3398
429,50.1911
430,50.0424
431,49.8936
432,49.7449
433,49.596
434,49.4472
435,49.2983
436,49.1494
437,49.0005
438,48.8515
439,48.7026
440,48.5536
441,48.4046
442,48.2556
443,48.1066
444,47.9577
445,47.8087
446,47.6597
447,47.5107
448,47.3618
449,47.2128
450,47.0639
451,46.915
452,46.7661
453,46.6173
454,46.4685
455,46.3197
456,46.1709
457,46.0222
458,45.8735
459,45.7249
460,45.5763
461,45.4277
462,45.2793
463,45.1308
464,44.9824
465,44.8341
466,44.6859
467,44.5377
468,44.3895
469,44.2415
470,44.0935
471,43.9456
472,43.7977
473,43.65
474,43.5023
475,43.3547
476,43.2072
477,43.0598
478,42.9125
479,42.7653
480,42.6182
481,42.4712
482,42.3243
483,42.1774
484,42.0307
485,41.8842
486,41.7377
487,41.5913
488,41.4451
489,41.2989
490,41.1529
491,41.0071
492,40.8613
493,40.7157
494,40.5702
495,40.4248
496,40.2796
497,40.1345
498,39.9896
499,39.8448
500,39.7002
501,39.5556
502,39.4113
503,39.2671
504,39.123
505,38.9792
506,38.8354
507,38.6919
508,38.5484
509,38.4052
510,38.2621
511,38.1192
512,37.9765
513,37.8339
514,37.6915
515,37.5493
516,37.4073
517,37.2655
518,37.1238
519,36.9823
520,36.841
521,36.6999
522,36.559
523,36.4183
524,36.2778
525,36.1375
526,35.9974
527,35.8575
528,35.7177
529,35.5782
530,35.4389
531,35.2998
532,35.161
533,35.0223
534,34.8838
535,34.7456
536,34.6076
537,34.4698
538,34.3322
539,34.1949
540,34.0577
541,33.9208
542,33.7842
543,33.6477
544,33.5115
545,33.3755
546,33.2398
547,33.1043
548,32.969
549,32.834
550,32.6992
551,32.5647
552,32.4304
553,32.2964
554,32.1626
555,32.029
556,31.8957
557,31.7627
558,31.6299
559,31.4974
560,31.3651
561,31.2331
562,31.1013
563,30.9699
564,30.8386
565,30.7077
566,30.577
567,30.4466
568,30.3164
569,30.1865
570,30.0569
571,29.9276
572,29.7985
573,29.6697
574,29.5412
575,29.4129
576,29.285
577,29.1573
578,29.0299
579,28.9028
580,28.776
581,28.6495
582,28.5232
583,28.3973
584,28.2716
585,28.1462
586,28.0211
587,27.8963
588,27.7718
589,27.6476
590,27.5237
591,27.4001
592,27.2768
593,27.1538
594,27.0311
595,26.9087
596,26.7866
597,26.6648
598,26.5433
599,26.4221
600,26.3012
601,26.1807
602,26.0604
603,25.9404
604,25.8208
605,25.7015
606,25.5825
607,25.4637
608,25.3454
609,25.2273
610,25.1095
611,24.9921
612,24.875
613,24.7582
614,24.6417
615,24.5255
616,24.4097
617,24.2942
618,24.179
619,24.0641
620,23.9496
621,23.8353
622,23.7214
623,23.6079
624,23.4946
625,23.3817
626,23.2691
627,23.1569
628,23.045
629,22.9334
630,22.8221
631,22.7112
632,22.6006
633,22.4903
634,22.3804
635,22.2708
636,22.1615
637,22.0526
638,21.944
639,21.8357
640,21.7278
641,21.6202
642,21.513
643,21.4061
644,21.2995
645,21.1933
646,21.0874
647,20.9818
648,20.8766
649,20.7718
650,20.6672
651,20.5631
652,20.4592
653,20.3557
654,20.2526
655,20.1497
656,20.0473
657,19.9451
658,19.8434
659,19.7419
660,19.6408
661,19.5401
662,19.4397
663,19.3396
664,19.2399
665,19.1405
666,19.0415
667,18.9428
668,18.8445
669,18.7465
670,18.6488
671,18.5516
672,18.4546
673,18.358
674,18.2618
675,18.1658
676,18.0703
677,17.9751
678,17.8802
679,17.7857
680,17.6915
681,17.5977
682,17.5042
683,17.4111
684,17.3183
685,17.2259
686,17.1338
687,17.0421
688,16.9507
689,16.8596
690,16.7689
691,16.6786
692,16.5886
693,16.4989
694,16.4096
695,16.3206
696,16.232
697,16.1438
698,16.0558
699,15.9683
700,15.881
701,15.7942
702,15.7076
703,15.6214
704,15.5356
705,15.4501
706,15.3649
707,15.2801
708,15.1956
709,15.1115
710,15.0277
711,14.9443
712,14.8612
713,14.7784
714,14.696
715,14.614
716,14.5322
717,14.4509
718,14.3698
719,14.2891
720,14.2088
721,14.1287
722,14.0491
723,13.9697
724,13.8907
725,13.8121
726,13.7337
727,13.6558
728,13.5781
729,13.5008
730,13.4238
731,13.3472
732,13.2709
733,13.1949
734,13.1193
735,13.044
736,12.969
737,12.8944
738,12.8201
739,12.7462
740,12.6725
741,12.5992
742,12.5263
743,12.4536
744,12.3813
745,12.3093
746,12.2377
747,12.1664
748,12.0954
749,12.0247
750,11.9543
751,11.8843
752,11.8146
753,11.7453
754,11.6762
755,11.6075
756,11.5391
757,11.471
758,11.4033
759,11.3358
760,11.2687
761,11.2019
762,11.1355
763,11.0693
764,11.0034
765,10.9379
766,10.8727
767,10.8078
768,10.7432
769,10.679
770,10.615
771,10.5514
772,10.488
773,10.425
774,10.3623
775,10.2999
776,10.2378
777,10.176
778,10.1146
779,10.0534
780,9.99251
781,9.93195
782,9.87169
783,9.81174
784,9.75208
785,9.69273
786,9.63368
787,9.57493
788,9.51647
789,9.45832
790,9.40046
791,9.3429
792,9.28563
793,9.22866
794,9.17198
795,9.11559
796,9.0595
797,9.0037
798,8.94819
799,8.89297
800,8.83803
801,8.78339
802,8.72903
803,8.67495
804,8.62117
805,8.56766
806,8.51444
807,8.4615
808,8.40885
809,8.35647
810,8.30438
811,8.25256
812,8.20102
813,8.14976
814,8.09877
815,8.04806
816,7.99762
817,7.94746
818,7.89756
819,7.84794
820,7.79859
821,7.74951
822,7.7007
823,7.65216
824,7.60388
825,7.55587
826,7.50812
827,7.46064
828,7.41342
829,7.36646
830,7.31976
831,7.27332
832,7.22714
833,7.18122
834,7.13556
835,7.09015
836,7.045
837,7.0001
838,6.95546
839,6.91107
840,6.86693
841,6.82304
842,6.77939
843,6.736
844,6.69286
845,6.64996
846,6.6073
847,6.56489
848,6.52273
849,6.4808
850,6.43912
851,6.39768
852,6.35648
853,6.31552
854,6.27479
855,6.2343
856,6.19405
857,6.15403
858,6.11425
859,6.07469
860,6.03537
861,5.99628
862,5.95742
863,5.91879
864,5.88039
865,5.84221
866,5.80426
867,5.76653
868,5.72903
869,5.69175
870,5.65469
871,5.61785
872,5.58124
873,5.54484
874,5.50866
875,5.4727
876,5.43695
877,5.40141
878,5.3661
879,5.33099
880,5.2961
881,5.26141
882,5.22694
883,5.19268
884,5.15862
885,5.12478
886,5.09113
887,5.0577
888,5.02446
889,4.99144
890,4.95861
891,4.92598
892,4.89356
893,4.86133
894,4.82931
895,4.79748
896,4.76584
897,4.73441
898,4.70316
899,4.67211
900,4.64126
901,4.61059
902,4.58012
903,4.54983
904,4.51974
905,4.48983
906,4.46011
907,4.43058
908,4.40123
909,4.37207
910,4.34309
911,4.31429
912,4.28567
913,4.25723
914,4.22898
915,4.2009
916,4.173
917,4.14527
918,4.11773
919,4.09035
920,4.06316
921,4.03613
922,4.00928
923,3.9826
924,3.95608
925,3.92974
926,3.90357
927,3.87757
928,3.85173
929,3.82606
930,3.80055
931,3.77521
932,3.75003
933,3.72501
934,3.70015
935,3.67546
936,3.65093
937,3.62655
938,3.60233
939,3.57827
940,3.55437
941,3.53062
942,3.50703
943,3.48359
944,3.4603
945,3.43716
946,3.41418
947,3.39135
948,3.36867
949,3.34613
950,3.32374
951,3.3015
952,3.27941
953,3.25746
954,3.23566
955,3.214
956,3.19248
957,3.17111
958,3.14988
959,3.12879
960,3.10783
961,3.08702
962,3.06634
963,3.04581
964,3.0254
965,3.00514
966,2.98501
967,2.96501
968,2.94515
969,2.92542
970,2.90582
971,2.88635
972,2.86702
973,2.84781
974,2.82873
975,2.80978
976,2.79096
977,2.77226
978,2.75369
979,2.73524
980,2.71692
981,2.69872
982,2.68065
983,2.66269
984,2.64486
985,2.62715
986,2.60956
987,2.59209
988,2.57473
989,2.5575
990,2.54038
991,2.52338
992,2.50649
993,2.48972
994,2.47306
995,2.45652
996,2.44009
997,2.42377
998,2.40756
999,2.39146
1000,2.37548
1001,2.3596
1002,2.34383
1003,2.32817
1004,2.31262
1005,2.29717
1006,2.28183
1007,2.2666
1008,2.25147
1009,2.23644
1010,2.22152
1011,2.2067
1012,2.19198
1013,2.17736
1014,2.16285
1015,2.14844
1016,2.13412
1017,2.1199
1018,2.10579
1019,2.09177
1020,2.07784
1021,2.06402
1022,2.05029
1023,2.03665
1024,2.02311
1025,2.00967
1026,1.99631
1027,1.98305
1028,1.96989
1029,1.95681
1030,1.94383
1031,1.93093
1032,1.91813
1033,1.90541
1034,1.89279
1035,1.88025
1036,1.8678
1037,1.85544
1038,1.84316
1039,1.83097
1040,1.81887
1041,1.80685
1042,1.79491
1043,1.78306
1044,1.77129
1045,1.75961
1046,1.748
1047,1.73648
1048,1.72504
1049,1.71368
1050,1.7024
1051,1.6912
1052,1.68008
1053,1.66903
1054,1.65807
1055,1.64718
1056,1.63637
1057,1.62563
1058,1.61497
1059,1.60439
1060,1.59388
1061,1.58345
1062,1.57309
1063,1.5628
1064,1.55259
1065,1.54245
1066,1.53238
1067,1.52238
1068,1.51245
1069,1.5026
1070,1.49281
1071,1.4831
1072,1.47345
1073,1.46387
1074,1.45436
1075,1.44492
1076,1.43554
1077,1.42623
1078,1.41699
1079,1.40781
1080,1.3987
1081,1.38966
1082,1.38068
1083,1.37176
1084,1.36291
1085,1.35412
1086,1.34539
1087,1.33673
1088,1.32813
1089,1.31958
1090,1.31111
1091,1.30269
1092,1.29433
1093,1.28603
1094,1.27779
1095,1.26961
1096,1.26149
1097,1.25343
1098,1.24542
1099,1.23748
1100,1.22959
1101,1.22175
1102,1.21398
1103,1.20626
1104,1.19859
1105,1.19098
1106,1.18343
1107,1.17593
1108,1.16848
1109,1.16109
1110,1.15375
1111,1.14646
1112,1.13923
1113,1.13205
1114,1.12492
1115,1.11784
1116,1.11081
1117,1.10383
1118,1.09691
1119,1.09003
1120,1.08321
1121,1.07643
1122,1.0697
1123,1.06303
1124,1.05639
1125,1.04981
1126,1.04328
1127,1.03679
1128,1.03035
1129,1.02396
1130,1.01761
1131,1.01131
1132,1.00505
1133,0.998845
1134,0.99268
1135,0.986561
1136,0.980485
1137,0.974454
1138,0.968467
1139,0.962523
1140,0.956623
1141,0.950765
1142,0.944951
1143,0.939178
1144,0.933447
1145,0.927759
1146,0.922111
1147,0.916505
1148,0.91094
1149,0.905415
1150,0.899931
1151,0.894486
1152,0.889082
1153,0.883716
1154,0.87839
1155,0.873103
1156,0.867855
1157,0.862644
1158,0.857472
1159,0.852338
1160,0.847241
1161,0.842181
1162,0.837159
1163,0.832173
1164,0.827223
1165,0.82231
1166,0.817433
1167,0.812591
1168,0.807785
1169,0.803014
1170,0.798278
1171,0.793577
1172,0.78891
1173,0.784277
1174,0.779678
1175,0.775113
1176,0.770582
1177,0.766083
1178,0.761618
1179,0.757185
1180,0.752785
1181,0.748417
1182,0.744082
1183,0.739778
1184,0.735505
1185,0.731264
1186,0.727054
1187,0.722875
1188,0.718727
1189,0.714609
1190,0.710522
1191,0.706464
1192,0.702436
1193,0.698438
1194,0.694469
1195,0.69053
1196,0.686619
1197,0.682737
1198,0.678884
1199,0.675059
1200,0.671262
1201,0.667493
1202,0.663752
1203,0.660039
1204,0.656352
1205,0.652693
1206,0.649061
1207,0.645455
1208,0.641876
1209,0.638324
1210,0.634797
1211,0.631297
1212,0.627822
1213,0.624373
1214,0.620949
1215,0.617551
1216,0.614177
1217,0.610829
1218,0.607505
1219,0.604205
1220,0.60093
1221,0.597679
1222,0.594452
1223,0.591249
1224,0.58807
1225,0.584914
1226,0.581781
1227,0.578671
1228,0.575584
1229,0.57252
1230,0.569479
1231,0.56646
1232,0.563463
1233,0.560489
1234,0.557536
1235,0.554605
1236,0.551696
1237,0.548808
1238,0.545942
1239,0.543096
1240,0.540272
1241,0.537469
1242,0.534686
1243,0.531924
1244,0.529182
1245,0.52646
1246,0.523759
1247,0.521077
1248,0.518416
1249,0.515774
1250,0.513151
1251,0.510548
1252,0.507964
1253,0.505399
1254,0.502853
1255,0.500326
1256,0.497818
1257,0.495328
1258,0.492856
1259,0.490403
1260,0.487968
1261,0.485551
1262,0.483152
1263,0.48077
1264,0.478406
1265,0.47606
1266,0.473731
1267,0.471419
1268,0.469124
1269,0.466846
1270,0.464585
1271,0.462341
1272,0.460113
1273,0.457902
1274,0.455707
1275,0.453528
1276,0.451365
1277,0.449219
1278,0.447088
1279,0.444973
1280,0.442874
1281,0.44079
1282,0.438721
1283,0.436668
1284,0.43463
1285,0.432607
1286,0.430598
1287,0.428605
1288,0.426627
1289,0.424663
1290,0.422713
1291,0.420778
1292,0.418858
1293,0.416951
1294,0.415059
1295,0.41318
1296,0.411315
1297,0.409465
1298,0.407627
1299,0.405804
1300,0.403993
1301,0.402197
1302,0.400413
1303,0.398643
1304,0.396885
1305,0.395141
1306,0.393409
1307,0.391691
1308,0.389985
1309,0.388291
1310,0.38661
1311,0.384942
1312,0.383286
1313,0.381642
1314,0.38001
1315,0.37839
1316,0.376782
1317,0.375186
1318,0.373602
1319,0.372029
1320,0.370468
1321,0.368918
1322,0.36738
1323,0.365854
1324,0.364338
1325,0.362834
1326,0.361341
1327,0.359858
1328,0.358387
1329,0.356927
1330,0.355477
1331,0.354038
1332,0.352609
1333,0.351191
1334,0.349784
1335,0.348387
1336,0.347
1337,0.345623
1338,0.344257
1339,0.3429
1340,0.341554
1341,0.340217
1342,0.338891
1343,0.337574
1344,0.336267
1345,0.334969
1346,0.333681
1347,0.332402
1348,0.331133
1349,0.329873
1350,0.328622
1351,0.327381
1352,0.326148
1353,0.324925
1354,0.323711
1355,0.322505
1356,0.321309
1357,0.320121
1358,0.318942
1359,0.317772
1360,0.31661
1361,0.315456
1362,0.314312
1363,0.313175
1364,0.312047
1365,0.310927
1366,0.309816
1367,0.308712
1368,0.307617
1369,0.306529
1370,0.30545
1371,0.304378
1372,0.303315
1373,0.302259
1374,0.301211
1375,0.30017
1376,0.299137
1377,0.298112
1378,0.297094
1379,0.296084
1380,0.295081
1381,0.294085
1382,0.293097
1383,0.292115
1384,0.291141
1385,0.290174
1386,0.289215
1387,0.288262
1388,0.287316
1389,0.286377
1390,0.285445
1391,0.284519
1392,0.283601
1393,0.282689
1394,0.281783
1395,0.280885
1396,0.279993
1397,0.279107
1398,0.278228
1399,0.277355
1400,0.276488
1401,0.275628
1402,0.274774
1403,0.273927
1404,0.273085
1405,0.27225
1406,0.27142
1407,0.270597
1408,0.26978
1409,0.268968
1410,0.268162
1411,0.267363
1412,0.266569
1413,0.265781
1414,0.264998
1415,0.264221
1416,0.26345
1417,0.262685
1418,0.261925
1419,0.26117
1420,0.260421
1421,0.259677
1422,0.258939
1423,0.258206
1424,0.257478
1425,0.256756
1426,0.256038
1427,0.255326
1428,0.25462
1429,0.253918
1430,0.253221
1431,0.252529
1432,0.251842
1433,0.251161
1434,0.250484
1435,0.249812
1436,0.249144
1437,0.248482
1438,0.247824
1439,0.247171
1440,0.246523
1441,0.24588
1442,0.245241
1443,0.244606
1444,0.243976
1445,0.243351
1446,0.24273
1447,0.242114
1448,0.241502
1449,0.240894
1450,0.240291
1451,0.239692
1452,0.239097
1453,0.238507
1454,0.23792
1455,0.237338
1456,0.236761
1457,0.236187
1458,0.235617
1459,0.235051
1460,0.23449
1461,0.233932
1462,0.233379
1463,0.232829
1464,0.232283
1465,0.231741
1466,0.231203
1467,0.230669
1468,0.230138
1469,0.229612
1470,0.229089
1471,0.228569
1472,0.228054
1473,0.227542
1474,0.227034
1475,0.226529
1476,0.226028
1477,0.22553
1478,0.225036
1479,0.224545
1480,0.224058
1481,0.223574
1482,0.223094
1483,0.222617
1484,0.222143
1485,0.221673
1486,0.221206
1487,0.220742
1488,0.220282
1489,0.219825
1490,0.219371
1491,0.21892
1492,0.218472
1493,0.218028
1494,0.217586
1495,0.217148
1496,0.216713
1497,0.21628
1498,0.215851
1499,0.215425
1500,0.215002
1501,0.214581
1502,0.214164
1503,0.213749
1504,0.213338
1505,0.212929
1506,0.212523
1507,0.21212
1508,0.21172
1509,0.211322
1510,0.210927
1511,0.210535
1512,0.210146
1513,0.209759
1514,0.209375
1515,0.208994
1516,0.208615
1517,0.208239
1518,0.207865
1519,0.207495
1520,0.207126
1521,0.20676
1522,0.206397
1523,0.206036
1524,0.205678
1525,0.205322
1526,0.204968
1527,0.204617
1528,0.204268
1529,0.203922
1530,0.203578
1531,0.203236
1532,0.202897
1533,0.20256
1534,0.202226
1535,0.201893
1536,0.201563
1537,0.201235
1538,0.200909
1539,0.200586
1540,0.200265
1541,0.199945
1542,0.199629
1543,0.199314
1544,0.199001
1545,0.19869
1546,0.198382
1547,0.198075
1548,0.197771
1549,0.197469
1550,0.197168
1551,0.19687
1552,0.196574
1553,0.19628
1554,0.195987
1555,0.195697
1556,0.195408
1557,0.195122
1558,0.194837
1559,0.194554
1560,0.194274
1561,0.193995
1562,0.193717
1563,0.193442
1564,0.193169
1565,0.192897
1566,0.192627
1567,0.192359
1568,0.192093
1569,0.191828
1570,0.191565
1571,0.191304
1572,0.191045
1573,0.190787
1574,0.190531
1575,0.190277
1576,0.190024
1577,0.189773
1578,0.189523
1579,0.189276
1580,0.18903
1581,0.188785
1582,0.188542
1583,0.188301
1584,0.188061
1585,0.187823
1586,0.187586
1587,0.187351
1588,0.187117
1589,0.186885
1590,0.186654
1591,0.186425
1592,0.186197
1593,0.185971
1594,0.185746
1595,0.185523
1596,0.185301
1597,0.18508
1598,0.184861
1599,0.184643
1600,0.184427
1601,0.184212
1602,0.183998
1603,0.183786
1604,0.183575
1605,0.183366
1606,0.183157
1607,0.18295
1608,0.182745
1609,0.18254
1610,0.182337
1611,0.182135
1612,0.181935
1613,0.181736
1614,0.181537
1615,0.181341
1616,0.181145
1617,0.180951
1618,0.180757
1619,0.180566
1620,0.180375
1621,0.180185
1622,0.179997
1623,0.179809
1624,0.179623
1625,0.179438
1626,0.179254
1627,0.179072
1628,0.17889
1629,0.17871
1630,0.17853
1631,0.178352
1632,0.178175
1633,0.177999
1634,0.177823
1635,0.177649
1636,0.177476
1637,0.177305
1638,0.177134
1639,0.176964
1640,0.176795
1641,0.176627
1642,0.17646
1643,0.176295
1644,0.17613
1645,0.175966
1646,0.175803
1647,0.175641
1648,0.17548
1649,0.17532
1650,0.175161
1651,0.175003
1652,0.174846
1653,0.174689
1654,0.174534
1655,0.17438
1656,0.174226
1657,0.174073
1658,0.173922
1659,0.173771
1660,0.173621
1661,0.173472
1662,0.173323
1663,0.173176
1664,0.173029
1665,0.172884
1666,0.172739
1667,0.172595
1668,0.172451
1669,0.172309
1670,0.172167
1671,0.172027
1672,0.171887
1673,0.171747
1674,0.171609
1675,0.171471
1676,0.171334
1677,0.171198
1678,0.171063
1679,0.170928
1680,0.170794
1681,0.170661
1682,0.170529
1683,0.170397
1684,0.170266
1685,0.170136
1686,0.170007
1687,0.169878
1688,0.16975
1689,0.169623
1690,0.169496
1691,0.16937
1692,0.169245
1693,0.16912
1694,0.168996
1695,0.168873
1696,0.16875
1697,0.168629
1698,0.168507
1699,0.168387
1700,0.168267
1701,0.168147
1702,0.168029
1703,0.16791
1704,0.167793
1705,0.167676
1706,0.16756
1707,0.167444
1708,0.167329
1709,0.167215
1710,0.167101
1711,0.166988
1712,0.166875
1713,0.166763
1714,0.166652
1715,0.166541
1716,0.166431
1717,0.166321
1718,0.166212
1719,0.166103
1720,0.165995
1721,0.165888
1722,0.165781
1723,0.165674
1724,0.165568
1725,0.165463
1726,0.165358
1727,0.165254
1728,0.16515
1729,0.165047
1730,0.164944
1731,0.164842
1732,0.16474
1733,0.164639
1734,0.164538
1735,0.164438
1736,0.164338
1737,0.164239
1738,0.16414
1739,0.164042
1740,0.163944
1741,0.163847
1742,0.16375
1743,0.163654
1744,0.163558
1745,0.163462
1746,0.163367
1747,0.163272
1748,0.163178
1749,0.163085
1750,0.162991
1751,0.162899
1752,0.162806
1753,0.162714
1754,0.162623
1755,0.162532
1756,0.162441
1757,0.162351
1758,0.162261
1759,0.162172
1760,0.162083
1761,0.161994
1762,0.161906
1763,0.161818
1764,0.161731
1765,0.161644
1766,0.161557
1767,0.161471
1768,0.161385
1769,0.161299
1770,0.161214
1771,0.16113
1772,0.161045
1773,0.160961
1774,0.160878
1775,0.160794
1776,0.160712
1777,0.160629
1778,0.160547
1779,0.160465
1780,0.160384
1781,0.160303
1782,0.160222
1783,0.160141
1784,0.160061
1785,0.159982
1786,0.159902
1787,0.159823
1788,0.159745
1789,0.159666
1790,0.159588
1791,0.15951
1792,0.159433
1793,0.159356
1794,0.159279
1795,0.159202
1796,0.159126
1797,0.15905
1798,0.158975
1799,0.1589
1800,0.158825
