environment | time (s),PI3K | PI3K_percent (dimensionless)
0,0
1,0.0772264
2,0.86294
3,2.25853
4,3.66097
5,4.79276
6,5.63885
7,6.27122
8,6.76494
9,7.17595
10,7.54142
11,7.88503
12,8.22188
13,8.56183
14,8.91179
15,9.27696
16,9.6617
17,10.07
18,10.5057
19,10.9728
20,11.4759
21,12.0197
22,12.6098
23,13.2524
24,13.9546
25,14.7249
26,15.5728
27,16.5096
28,17.5481
29,18.7033
30,19.992
31,21.433
32,23.0463
33,24.8521
34,26.868
35,29.1045
36,31.5591
37,34.2078
38,36.9978
39,39.8459
40,42.6463
41,45.2911
42,47.6934
43,49.8044
44,51.6152
45,53.1459
46,54.4315
47,55.5108
48,56.4193
49,57.1869
50,57.8383
51,58.393
52,58.8668
53,59.2725
54,59.6203
55,59.919
56,60.1757
57,60.3964
58,60.5862
59,60.7494
60,60.8896
61,61.0099
62,61.1131
63,61.2015
64,61.277
65,61.3413
66,61.396
67,61.4422
68,61.4812
69,61.5138
70,61.5409
71,61.5631
72,61.5812
73,61.5957
74,61.607
75,61.6155
76,61.6216
77,61.6257
78,61.6279
79,61.6285
80,61.6278
81,61.6258
82,61.6228
83,61.6189
84,61.6142
85,61.6087
86,61.6027
87,61.5962
88,61.5892
89,61.5818
90,61.574
91,61.5659
92,61.5576
93,61.5491
94,61.5403
95,61.5314
96,61.5223
97,61.5131
98,61.5037
99,61.4943
100,61.4848
101,61.4752
102,61.4655
103,61.4558
104,61.446
105,61.4362
106,61.4263
107,61.4164
108,61.4065
109,61.3965
110,61.3865
111,61.3765
112,61.3665
113,61.3565
114,61.3465
115,61.3364
116,61.3263
117,61.3163
118,61.3062
119,61.2961
120,61.286
121,61.2759
122,61.2658
123,61.2557
124,61.2456
125,61.2354
126,61.2253
127,61.2152
128,61.2051
129,61.1949
130,61.1848
131,61.1747
132,61.1645
133,61.1544
134,61.1443
135,61.1341
136,61.124
137,61.1138
138,61.1037
139,61.0935
140,61.0834
141,61.0732
142,61.0631
143,61.0529
144,61.0428
145,61.0326
146,61.0225
147,61.0123
148,61.0022
149,60.992
150,60.9818
151,60.9717
152,60.9615
153,60.9514
154,60.9412
155,60.931
156,60.9209
157,60.9107
158,60.9005
159,60.8904
160,60.8802
161,60.87
162,60.8598
163,60.8497
164,60.8395
165,60.8293
166,60.8192
167,60.809
168,60.7988
169,60.7886
170,60.7784
171,60.7683
172,60.7581
173,60.7479
174,60.7377
175,60.7275
176,60.7174
177,60.7072
178,60.697
179,60.6868
180,60.6766
181,60.6664
182,60.6562
183,60.646
184,60.6359
185,60.6257
186,60.6155
187,60.6053
188,60.5951
189,60.5849
190,60.5747
191,60.5645
192,60.5543
193,60.5441
194,60.5339
195,60.5237
196,60.5135
197,60.5033
198,60.4931
199,60.4829
200,60.4727
201,60.4625
202,60.4523
203,60.4421
204,60.4319
205,60.4216
206,60.4114
207,60.4012
208,60.391
209,60.3808
210,60.3706
211,60.3604
212,60.3502
213,60.3399
214,60.3297
215,60.3195
216,60.3093
217,60.2991
218,60.2888
219,60.2786
220,60.2684
221,60.2582
222,60.248
223,60.2377
224,60.2275
225,60.2173
226,60.2071
227,60.1968
228,60.1866
229,60.1764
230,60.1661
231,60.1559
232,60.1457
233,60.1354
234,60.1252
235,60.115
236,60.1047
237,60.0945
238,60.0843
239,60.074
240,60.0638
241,60.0536
242,60.0433
243,60.0331
244,60.0228
245,60.0126
246,60.0024
247,59.9921
248,59.9819
249,59.9716
250,59.9614
251,59.9511
252,59.9409
253,59.9306
254,59.9204
255,59.9101
256,59.8999
257,59.8896
258,59.8794
259,59.8691
260,59.8589
261,59.8486
262,59.8384
263,59.8281
264,59.8179
265,59.8076
266,59.7973
267,59.7871
268,59.7768
269,59.7666
270,59.7563
271,59.746
272,59.7358
273,59.7255
274,59.7152
275,59.705
276,59.6947
277,59.6844
278,59.6742
279,59.6639
280,59.6536
281,59.6434
282,59.6331
283,59.6228
284,59.6126
285,59.6023
286,59.592
287,59.5817
288,59.5715
289,59.5612
290,59.5509
291,59.5406
292,59.5304
293,59.5201
294,59.5098
295,59.4995
296,59.4892
297,59.479
298,59.4687
299,59.4584
300,59.4481
301,59.4378
302,59.4275
303,59.4173
304,59.407
305,59.3967
306,59.3864
307,59.3761
308,59.3658
309,59.3555
310,59.3452
311,59.335
312,59.3247
313,59.3144
314,59.3041
315,59.2938
316,59.2835
317,59.2732
318,59.2629
319,59.2526
320,59.2423
321,59.232
322,59.2217
323,59.2114
324,59.2011
325,59.1908
326,59.1805
327,59.1702
328,59.1599
329,59.1496
330,59.1393
331,59.129
332,59.1187
333,59.1084
334,59.0981
335,59.0878
336,59.0775
337,59.0672
338,59.0569
339,59.0465
340,59.0362
341,59.0259
342,59.0156
343,59.0053
344,58.995
345,58.9847
346,58.9744
347,58.964
348,58.9537
349,58.9434
350,58.9331
351,58.9228
352,58.9125
353,58.9021
354,58.8918
355,58.8815
356,58.8712
357,58.8609
358,58.8505
359,58.8402
360,58.8299
361,58.8196
362,58.8092
363,58.7989
364,58.7886
365,58.7783
366,58.7679
367,58.7576
368,58.7473
369,58.737
370,58.7266
371,58.7163
372,58.706
373,58.6956
374,58.6853
375,58.675
376,58.6646
377,58.6543
378,58.644
379,58.6336
380,58.6233
381,58.613
382,58.6026
383,58.5923
384,58.582
385,58.5716
386,58.5613
387,58.5509
388,58.5406
389,58.5303
390,58.5199
391,58.5096
392,58.4992
393,58.4889
394,58.4786
395,58.4682
396,58.4579
397,58.4475
398,58.4372
399,58.4268
400,58.4165
401,58.4061
402,58.3958
403,58.3854
404,58.3751
405,58.3647
406,58.3544
407,58.344
408,58.3337
409,58.3233
410,58.313
411,58.3026
412,58.2923
413,58.2819
414,58.2716
415,58.2612
416,58.2509
417,58.2405
418,58.2301
419,58.2198
420,58.2094
421,58.1991
422,58.1887
423,58.1784
424,58.168
425,58.1576
426,58.1473
427,58.1369
428,58.1265
429,58.1162
430,58.1058
431,58.0955
432,58.0851
433,58.0747
434,58.0644
435,58.054
436,58.0436
437,58.0333
438,58.0229
439,58.0125
440,58.0022
441,57.9918
442,57.9814
443,57.9711
444,57.9607
445,57.9503
446,57.9399
447,57.9296
448,57.9192
449,57.9088
450,57.8985
451,57.8881
452,57.8777
453,57.8673
454,57.857
455,57.8466
456,57.8362
457,57.8258
458,57.8155
459,57.8051
460,57.7947
461,57.7843
462,57.7739
463,57.7636
464,57.7532
465,57.7428
466,57.7324
467,57.722
468,57.7117
469,57.7013
470,57.6909
471,57.6805
472,57.6701
473,57.6597
474,57.6494
475,57.639
476,57.6286
477,57.6182
478,57.6078
479,57.5974
480,57.587
481,57.5767
482,57.5663
483,57.5559
484,57.5455
485,57.5351
486,57.5247
487,57.5143
488,57.5039
489,57.4935
490,57.4831
491,57.4728
492,57.4624
493,57.452
494,57.4416
495,57.4312
496,57.4208
497,57.4104
498,57.4
499,57.3896
500,57.3792
501,57.3688
502,57.3584
503,57.348
504,57.3376
505,57.3272
506,57.3168
507,57.3064
508,57.296
509,57.2856
510,57.2752
511,57.2648
512,57.2544
513,57.244
514,57.2336
515,57.2232
516,57.2128
517,57.2024
518,57.192
519,57.1816
520,57.1712
521,57.1608
522,57.1504
523,57.14
524,57.1296
525,57.1192
526,57.1088
527,57.0984
528,57.0879
529,57.0775
530,57.0671
531,57.0567
532,57.0463
533,57.0359
534,57.0255
535,57.0151
536,57.0047
537,56.9943
538,56.9839
539,56.9734
540,56.963
541,56.9526
542,56.9422
543,56.9318
544,56.9214
545,56.911
546,56.9006
547,56.8901
548,56.8797
549,56.8693
550,56.8589
551,56.8485
552,56.8381
553,56.8276
554,56.8172
555,56.8068
556,56.7964
557,56.786
558,56.7756
559,56.7651
560,56.7547
561,56.7443
562,56.7339
563,56.7235
564,56.713
565,56.7026
566,56.6922
567,56.6818
568,56.6714
569,56.6609
570,56.6505
571,56.6401
572,56.6297
573,56.6192
574,56.6088
575,56.5984
576,56.588
577,56.5775
578,56.5671
579,56.5567
580,56.5463
581,56.5358
582,56.5254
583,56.515
584,56.5046
585,56.4941
586,56.4837
587,56.4733
588,56.4628
589,56.4524
590,56.442
591,56.4316
592,56.4211
593,56.4107
594,56.4003
595,56.3898
596,56.3794
597,56.369
598,56.3585
599,56.3481
600,56.3377
601,56.3273
602,56.3168
603,56.3064
604,56.296
605,56.2855
606,56.2751
607,56.2647
608,56.2542
609,56.2438
610,56.2334
611,56.2229
612,56.2125
613,56.202
614,56.1916
615,56.1812
616,56.1707
617,56.1603
618,56.1499
619,56.1394
620,56.129
621,56.1186
622,56.1081
623,56.0977
624,56.0872
625,56.0768
626,56.0664
627,56.0559
628,56.0455
629,56.035
630,56.0246
631,56.0142
632,56.0037
633,55.9933
634,55.9828
635,55.9724
636,55.962
637,55.9515
638,55.9411
639,55.9306
640,55.9202
641,55.9097
642,55.8993
643,55.8889
644,55.8784
645,55.868
646,55.8575
647,55.8471
648,55.8366
649,55.8262
650,55.8158
651,55.8053
652,55.7949
653,55.7844
654,55.774
655,55.7635
656,55.7531
657,55.7426
658,55.7322
659,55.7217
660,55.7113
661,55.7008
662,55.6904
663,55.68
664,55.6695
665,55.6591
666,55.6486
667,55.6382
668,55.6277
669,55.6173
670,55.6068
671,55.5964
672,55.5859
673,55.5755
674,55.565
675,55.5546
676,55.5441
677,55.5337
678,55.5232
679,55.5128
680,55.5023
681,55.4919
682,55.4814
683,55.471
684,55.4605
685,55.4501
686,55.4396
687,55.4292
688,55.4187
689,55.4083
690,55.3978
691,55.3873
692,55.3769
693,55.3664
694,55.356
695,55.3455
696,55.3351
697,55.3246
698,55.3142
699,55.3037
700,55.2933
701,55.2828
702,55.2724
703,55.2619
704,55.2514
705,55.241
706,55.2305
707,55.2201
708,55.2096
709,55.1992
710,55.1887
711,55.1783
712,55.1678
713,55.1573
714,55.1469
715,55.1364
716,55.126
717,55.1155
718,55.1051
719,55.0946
720,55.0841
721,55.0737
722,55.0632
723,55.0528
724,55.0423
725,55.0319
726,55.0214
727,55.0109
728,55.0005
729,54.99
730,54.9796
731,54.9691
732,54.9586
733,54.9482
734,54.9377
735,54.9273
736,54.9168
737,54.9064
738,54.8959
739,54.8854
740,54.875
741,54.8645
742,54.8541
743,54.8436
744,54.8331
745,54.8227
746,54.8122
747,54.8018
748,54.7913
749,54.7808
750,54.7704
751,54.7599
752,54.7494
753,54.739
754,54.7285
755,54.7181
756,54.7076
757,54.6971
758,54.6867
759,54.6762
760,54.6658
761,54.6553
762,54.6448
763,54.6344
764,54.6239
765,54.6134
766,54.603
767,54.5925
768,54.5821
769,54.5716
770,54.5611
771,54.5507
772,54.5402
773,54.5297
774,54.5193
775,54.5088
776,54.4984
777,54.4879
778,54.4774
779,54.467
780,54.4565
781,54.446
782,54.4356
783,54.4251
784,54.4147
785,54.4042
786,54.3937
787,54.3833
788,54.3728
789,54.3623
790,54.3519
791,54.3414
792,54.3309
793,54.3205
794,54.31
795,54.2996
796,54.2891
797,54.2786
798,54.2682
799,54.2577
800,54.2472
801,54.2368
802,54.2263
803,54.2158
804,54.2054
805,54.1949
806,54.1844
807,54.174
808,54.1635
809,54.1531
810,54.1426
811,54.1321
812,54.1217
813,54.1112
814,54.1007
815,54.0903
816,54.0798
817,54.0693
818,54.0589
819,54.0484
820,54.0379
821,54.0275
822,54.017
823,54.0066
824,53.9961
825,53.9856
826,53.9752
827,53.9647
828,53.9542
829,53.9438
830,53.9333
831,53.9228
832,53.9124
833,53.9019
834,53.8914
835,53.881
836,53.8705
837,53.86
838,53.8496
839,53.8391
840,53.8287
841,53.8182
842,53.8077
843,53.7973
844,53.7868
845,53.7763
846,53.7659
847,53.7554
848,53.7449
849,53.7345
850,53.724
851,53.7135
852,53.7031
853,53.6926
854,53.6822
855,53.6717
856,53.6612
857,53.6508
858,53.6403
859,53.6298
860,53.6194
861,53.6089
862,53.5984
863,53.588
864,53.5775
865,53.567
866,53.5566
867,53.5461
868,53.5357
869,53.5252
870,53.5147
871,53.5043
872,53.4938
873,53.4833
874,53.4729
875,53.4624
876,53.4519
877,53.4415
878,53.431
879,53.4206
880,53.4101
881,53.3996
882,53.3892
883,53.3787
884,53.3682
885,53.3578
886,53.3473
887,53.3369
888,53.3264
889,53.3159
890,53.3055
891,53.295
892,53.2845
893,53.2741
894,53.2636
895,53.2532
896,53.2427
897,53.2322
898,53.2218
899,53.2113
900,53.2008
901,53.1904
902,53.1799
903,53.1695
904,53.159
905,53.1485
906,53.1381
907,53.1276
908,53.1172
909,53.1067
910,53.0962
911,53.0858
912,53.0753
913,53.0649
914,53.0544
915,53.0439
916,53.0335
917,53.023
918,53.0126
919,53.0021
920,52.9916
921,52.9812
922,52.9707
923,52.9603
924,52.9498
925,52.9393
926,52.9289
927,52.9184
928,52.908
929,52.8975
930,52.887
931,52.8766
932,52.8661
933,52.8557
934,52.8452
935,52.8348
936,52.8243
937,52.8138
938,52.8034
939,52.7929
940,52.7825
941,52.772
942,52.7616
943,52.7511
944,52.7406
945,52.7302
946,52.7197
947,52.7093
948,52.6988
949,52.6884
950,52.6779
951,52.6674
952,52.657
953,52.6465
954,52.6361
955,52.6256
956,52.6152
957,52.6047
958,52.5943
959,52.5838
960,52.5733
961,52.5629
962,52.5524
963,52.542
964,52.5315
965,52.5211
966,52.5106
967,52.5002
968,52.4897
969,52.4793
970,52.4688
971,52.4584
972,52.4479
973,52.4375
974,52.427
975,52.4165
976,52.4061
977,52.3956
978,52.3852
979,52.3747
980,52.3643
981,52.3538
982,52.3434
983,52.3329
984,52.3225
985,52.312
986,52.3016
987,52.2911
988,52.2807
989,52.2702
990,52.2598
991,52.2493
992,52.2389
993,52.2284
994,52.218
995,52.2075
996,52.1971
997,52.1866
998,52.1762
999,52.1658
1000,52.1553
1001,52.1449
1002,52.1344
1003,52.124
1004,52.1135
1005,52.1031
1006,52.0926
1007,52.0822
1008,52.0717
1009,52.0613
1010,52.0508
1011,52.0404
1012,52.03
1013,52.0195
1014,52.0091
1015,51.9986
1016,51.9882
1017,51.9777
1018,51.9673
1019,51.9568
1020,51.9464
1021,51.936
1022,51.9255
1023,51.9151
1024,51.9046
1025,51.8942
1026,51.8837
1027,51.8733
1028,51.8629
1029,51.8524
1030,51.842
1031,51.8315
1032,51.8211
1033,51.8107
1034,51.8002
1035,51.7898
1036,51.7793
1037,51.7689
1038,51.7585
1039,51.748
1040,51.7376
1041,51.7271
1042,51.7167
1043,51.7063
1044,51.6958
1045,51.6854
1046,51.675
1047,51.6645
1048,51.6541
1049,51.6436
1050,51.6332
1051,51.6228
1052,51.6123
1053,51.6019
1054,51.5915
1055,51.581
1056,51.5706
1057,51.5602
1058,51.5497
1059,51.5393
1060,51.5289
1061,51.5184
1062,51.508
1063,51.4976
1064,51.4871
1065,51.4767
1066,51.4663
1067,51.4558
1068,51.4454
1069,51.435
1070,51.4245
1071,51.4141
1072,51.4037
1073,51.3933
1074,51.3828
1075,51.3724
1076,51.362
1077,51.3515
1078,51.3411
1079,51.3307
1080,51.3203
1081,51.3098
1082,51.2994
1083,51.289
1084,51.2785
1085,51.2681
1086,51.2577
1087,51.2473
1088,51.2368
1089,51.2264
1090,51.216
1091,51.2056
1092,51.1951
1093,51.1847
1094,51.1743
1095,51.1639
1096,51.1534
1097,51.143
1098,51.1326
1099,51.1222
1100,51.1118
1101,51.1013
1102,51.0909
1103,51.0805
1104,51.0701
1105,51.0597
1106,51.0492
1107,51.0388
1108,51.0284
1109,51.018
1110,51.0076
1111,50.9971
1112,50.9867
1113,50.9763
1114,50.9659
1115,50.9555
1116,50.9451
1117,50.9346
1118,50.9242
1119,50.9138
1120,50.9034
1121,50.893
1122,50.8826
1123,50.8721
1124,50.8617
1125,50.8513
1126,50.8409
1127,50.8305
1128,50.8201
1129,50.8097
1130,50.7992
1131,50.7888
1132,50.7784
1133,50.768
1134,50.7576
1135,50.7472
1136,50.7368
1137,50.7264
1138,50.716
1139,50.7056
1140,50.6951
1141,50.6847
1142,50.6743
1143,50.6639
1144,50.6535
1145,50.6431
1146,50.6327
1147,50.6223
1148,50.6119
1149,50.6015
1150,50.5911
1151,50.5807
1152,50.5703
1153,50.5599
1154,50.5495
1155,50.5391
1156,50.5287
1157,50.5183
1158,50.5079
1159,50.4975
1160,50.487
1161,50.4766
1162,50.4662
1163,50.4558
1164,50.4454
1165,50.435
1166,50.4246
1167,50.4143
1168,50.4039
1169,50.3935
1170,50.3831
1171,50.3727
1172,50.3623
1173,50.3519
1174,50.3415
1175,50.3311
1176,50.3207
1177,50.3103
1178,50.2999
1179,50.2895
1180,50.2791
1181,50.2687
1182,50.2583
1183,50.2479
1184,50.2375
1185,50.2271
1186,50.2167
1187,50.2064
1188,50.196
1189,50.1856
1190,50.1752
1191,50.1648
1192,50.1544
1193,50.144
1194,50.1336
1195,50.1232
1196,50.1129
1197,50.1025
1198,50.0921
1199,50.0817
1200,50.0713
1201,50.0609
1202,50.0505
1203,50.0402
1204,50.0298
1205,50.0194
1206,50.009
1207,49.9986
1208,49.9882
1209,49.9779
1210,49.9675
1211,49.9571
1212,49.9467
1213,49.9363
1214,49.926
1215,49.9156
1216,49.9052
1217,49.8948
1218,49.8844
1219,49.8741
1220,49.8637
1221,49.8533
1222,49.8429
1223,49.8326
1224,49.8222
1225,49.8118
1226,49.8014
1227,49.7911
1228,49.7807
1229,49.7703
1230,49.7599
1231,49.7496
1232,49.7392
1233,49.7288
1234,49.7185
1235,49.7081
1236,49.6977
1237,49.6873
1238,49.677
1239,49.6666
1240,49.6562
1241,49.6459
1242,49.6355
1243,49.6251
1244,49.6148
1245,49.6044
1246,49.594
1247,49.5837
1248,49.5733
1249,49.5629
1250,49.5526
1251,49.5422
1252,49.5319
1253,49.5215
1254,49.5111
1255,49.5008
1256,49.4904
1257,49.4801
1258,49.4697
1259,49.4593
1260,49.449
1261,49.4386
1262,49.4283
1263,49.4179
1264,49.4075
1265,49.3972
1266,49.3868
1267,49.3765
1268,49.3661
1269,49.3558
1270,49.3454
1271,49.3351
1272,49.3247
1273,49.3144
1274,49.304
1275,49.2937
1276,49.2833
1277,49.273
1278,49.2626
1279,49.2523
1280,49.2419
1281,49.2316
1282,49.2212
1283,49.2109
1284,49.2005
1285,49.1902
1286,49.1798
1287,49.1695
1288,49.1591
1289,49.1488
1290,49.1384
1291,49.1281
1292,49.1178
1293,49.1074
1294,49.0971
1295,49.0867
1296,49.0764
1297,49.066
1298,49.0557
1299,49.0454
1300,49.035
1301,49.0247
1302,49.0144
1303,49.004
1304,48.9937
1305,48.9833
1306,48.973
1307,48.9627
1308,48.9523
1309,48.942
1310,48.9317
1311,48.9213
1312,48.911
1313,48.9007
1314,48.8903
1315,48.88
1316,48.8697
1317,48.8593
1318,48.849
1319,48.8387
1320,48.8284
1321,48.818
1322,48.8077
1323,48.7974
1324,48.7871
1325,48.7767
1326,48.7664
1327,48.7561
1328,48.7458
1329,48.7354
1330,48.7251
1331,48.7148
1332,48.7045
1333,48.6941
1334,48.6838
1335,48.6735
1336,48.6632
1337,48.6529
1338,48.6425
1339,48.6322
1340,48.6219
1341,48.6116
1342,48.6013
1343,48.591
1344,48.5806
1345,48.5703
1346,48.56
1347,48.5497
1348,48.5394
1349,48.5291
1350,48.5188
1351,48.5084
1352,48.4981
1353,48.4878
1354,48.4775
1355,48.4672
1356,48.4569
1357,48.4466
1358,48.4363
1359,48.426
1360,48.4157
1361,48.4054
1362,48.3951
1363,48.3848
1364,48.3745
1365,48.3642
1366,48.3538
1367,48.3435
1368,48.3332
1369,48.3229
1370,48.3126
1371,48.3023
1372,48.292
1373,48.2817
1374,48.2714
1375,48.2612
1376,48.2509
1377,48.2406
1378,48.2303
1379,48.22
1380,48.2097
1381,48.1994
1382,48.1891
1383,48.1788
1384,48.1685
1385,48.1582
1386,48.1479
1387,48.1376
1388,48.1273
1389,48.117
1390,48.1068
1391,48.0965
1392,48.0862
1393,48.0759
1394,48.0656
1395,48.0553
1396,48.045
1397,48.0348
1398,48.0245
1399,48.0142
1400,48.0039
1401,47.9936
1402,47.9833
1403,47.9731
1404,47.9628
1405,47.9525
1406,47.9422
1407,47.932
1408,47.9217
1409,47.9114
1410,47.9011
1411,47.8908
1412,47.8806
1413,47.8703
1414,47.86
1415,47.8497
1416,47.8395
1417,47.8292
1418,47.8189
1419,47.8087
1420,47.7984
1421,47.7881
1422,47.7779
1423,47.7676
1424,47.7573
1425,47.7471
1426,47.7368
1427,47.7265
1428,47.7163
1429,47.706
1430,47.6957
1431,47.6855
1432,47.6752
1433,47.6649
1434,47.6547
1435,47.6444
1436,47.6342
1437,47.6239
1438,47.6136
1439,47.6034
1440,47.5931
1441,47.5829
1442,47.5726
1443,47.5624
1444,47.5521
1445,47.5419
1446,47.5316
1447,47.5213
1448,47.5111
1449,47.5008
1450,47.4906
1451,47.4803
1452,47.4701
1453,47.4598
1454,47.4496
1455,47.4394
1456,47.4291
1457,47.4189
1458,47.4086
1459,47.3984
1460,47.3881
1461,47.3779
1462,47.3676
1463,47.3574
1464,47.3472
1465,47.3369
1466,47.3267
1467,47.3164
1468,47.3062
1469,47.296
1470,47.2857
1471,47.2755
1472,47.2652
1473,47.255
1474,47.2448
1475,47.2345
1476,47.2243
1477,47.2141
1478,47.2038
1479,47.1936
1480,47.1834
1481,47.1732
1482,47.1629
1483,47.1527
1484,47.1425
1485,47.1322
1486,47.122
1487,47.1118
1488,47.1016
1489,47.0913
1490,47.0811
1491,47.0709
1492,47.0607
1493,47.0505
1494,47.0402
1495,47.03
1496,47.0198
1497,47.0096
1498,46.9994
1499,46.9891
1500,46.9789
1501,46.9687
1502,46.9585
1503,46.9483
1504,46.9381
1505,46.9279
1506,46.9176
1507,46.9074
1508,46.8972
1509,46.887
1510,46.8768
1511,46.8666
1512,46.8564
1513,46.8462
1514,46.836
1515,46.8258
1516,46.8156
1517,46.8054
1518,46.7951
1519,46.7849
1520,46.7747
1521,46.7645
1522,46.7543
1523,46.7441
1524,46.7339
1525,46.7237
1526,46.7135
1527,46.7033
1528,46.6932
1529,46.683
1530,46.6728
1531,46.6626
1532,46.6524
1533,46.6422
1534,46.632
1535,46.6218
1536,46.6116
1537,46.6014
1538,46.5912
1539,46.581
1540,46.5708
1541,46.5607
1542,46.5505
1543,46.5403
1544,46.5301
1545,46.5199
1546,46.5097
1547,46.4996
1548,46.4894
1549,46.4792
1550,46.469
1551,46.4588
1552,46.4487
1553,46.4385
1554,46.4283
1555,46.4181
1556,46.408
1557,46.3978
1558,46.3876
1559,46.3774
1560,46.3673
1561,46.3571
1562,46.3469
1563,46.3367
1564,46.3266
1565,46.3164
1566,46.3062
1567,46.2961
1568,46.2859
1569,46.2757
1570,46.2656
1571,46.2554
1572,46.2452
1573,46.2351
1574,46.2249
1575,46.2148
1576,46.2046
1577,46.1944
1578,46.1843
1579,46.1741
1580,46.164
1581,46.1538
1582,46.1437
1583,46.1335
1584,46.1233
1585,46.1132
1586,46.103
1587,46.0929
1588,46.0827
1589,46.0726
1590,46.0624
1591,46.0523
1592,46.0421
1593,46.032
1594,46.0218
1595,46.0117
1596,46.0015
1597,45.9914
1598,45.9813
1599,45.9711
1600,45.961
1601,45.9509
1602,45.9407
1603,45.9306
1604,45.9204
1605,45.9103
1606,45.9002
1607,45.89
1608,45.8799
1609,45.8697
1610,45.8596
1611,45.8495
1612,45.8393
1613,45.8292
1614,45.8191
1615,45.809
1616,45.7988
1617,45.7887
1618,45.7786
1619,45.7684
1620,45.7583
1621,45.7482
1622,45.7381
1623,45.7279
1624,45.7178
1625,45.7077
1626,45.6976
1627,45.6875
1628,45.6773
1629,45.6672
1630,45.6571
1631,45.647
1632,45.6369
1633,45.6268
1634,45.6166
1635,45.6065
1636,45.5964
1637,45.5863
1638,45.5762
1639,45.5661
1640,45.556
1641,45.5459
1642,45.5358
1643,45.5256
1644,45.5155
1645,45.5054
1646,45.4953
1647,45.4852
1648,45.4751
1649,45.465
1650,45.4549
1651,45.4448
1652,45.4347
1653,45.4246
1654,45.4145
1655,45.4044
1656,45.3943
1657,45.3842
1658,45.3741
1659,45.3641
1660,45.354
1661,45.3439
1662,45.3338
1663,45.3237
1664,45.3136
1665,45.3035
1666,45.2934
1667,45.2833
1668,45.2732
1669,45.2632
1670,45.2531
1671,45.243
1672,45.2329
1673,45.2228
1674,45.2127
1675,45.2027
1676,45.1926
1677,45.1825
1678,45.1724
1679,45.1624
1680,45.1523
1681,45.1422
1682,45.1321
1683,45.1221
1684,45.112
1685,45.1019
1686,45.0918
1687,45.0818
1688,45.0717
1689,45.0616
1690,45.0516
1691,45.0415
1692,45.0314
1693,45.0214
1694,45.0113
1695,45.0012
1696,44.9912
1697,44.9811
1698,44.9711
1699,44.961
1700,44.9509
1701,44.9409
1702,44.9308
1703,44.9208
1704,44.9107
1705,44.9007
1706,44.8906
1707,44.8806
1708,44.8705
1709,44.8605
1710,44.8504
1711,44.8404
1712,44.8303
1713,44.8203
1714,44.8102
1715,44.8002
1716,44.7901
1717,44.7801
1718,44.77
1719,44.76
1720,44.75
1721,44.7399
1722,44.7299
1723,44.7198
1724,44.7098
1725,44.6998
1726,44.6897
1727,44.6797
1728,44.6697
1729,44.6596
1730,44.6496
1731,44.6396
1732,44.6295
1733,44.6195
1734,44.6095
1735,44.5995
1736,44.5894
1737,44.5794
1738,44.5694
1739,44.5594
1740,44.5493
1741,44.5393
1742,44.5293
1743,44.5193
1744,44.5092
1745,44.4992
1746,44.4892
1747,44.4792
1748,44.4692
1749,44.4592
1750,44.4492
1751,44.4391
1752,44.4291
1753,44.4191
1754,44.4091
1755,44.3991
1756,44.3891
1757,44.3791
1758,44.3691
1759,44.3591
1760,44.3491
1761,44.3391
1762,44.3291
1763,44.3191
1764,44.3091
1765,44.2991
1766,44.2891
1767,44.2791
1768,44.2691
1769,44.2591
1770,44.2491
1771,44.2391
1772,44.2291
1773,44.2191
1774,44.2091
1775,44.1991
1776,44.1891
1777,44.1791
1778,44.1691
1779,44.1591
1780,44.1492
1781,44.1392
1782,44.1292
1783,44.1192
1784,44.1092
1785,44.0992
1786,44.0893
1787,44.0793
1788,44.0693
1789,44.0593
1790,44.0494
1791,44.0394
1792,44.0294
1793,44.0194
1794,44.0095
1795,43.9995
1796,43.9895
1797,43.9795
1798,43.9696
1799,43.9596
1800,43.9496
